field	value	note
gene	KCNQ1	Systematic AF3 gene #9
rank_in_priority_queue	9	Top 10 high-burden gene
included_variant_rows	2792	Current ready/modeling table
binary_rows	1916	Benign plus Pathogenic
benign_rows	1382	Clean 3-class label
vus_rows	852	VUS rows are scored but not binary supervised labels
pathogenic_rows	534	P/LP collapsed to Pathogenic
missing_label_rows	24	Rows without clean model label
top_sources	clinvar:2596;clinvar|emerge:99;emerge:53;cardioboost|clinvar:25;cardioboost:6;clinvar|hiro:3;clinvar|emerge|hiro:3;cardioboost|clinvar|emerge:3;cardioboost|emerge:3;emerge|hiro:1	Source composition for KCNQ1
hiro_overlap_rows	7	Small patient-linked overlap in current KCNQ1 table
primary_biological_context	IKs cardiac potassium channel: KCNQ1 alpha subunit, KCNE1 beta subunit, calmodulin/Ca regulatory context	AF3 jobs focus on cardiology-relevant channel complex
KCNE1_scope_note	KCNE1 had mixed include/quarantine status in broader modeling, but user explicitly requested KCNE1 inclusion for AF3 partner assignment	Preserve this caveat in interpretation
main_caveat	KCNQ1 is a membrane tetramer; AF3 server jobs do not include membrane, voltage state, PIP2 chemistry, or beta-adrenergic signaling state	Do not overinterpret full-length docking alone
