subset	rows	pathogenic	benign	metric	estimate	ci_95_low	ci_95_high	bootstrap_samples
external_all	430	255	175	auroc	0.9780056022408964	0.9639204481792718	0.9898728291316526	5000
external_all	430	255	175	auprc	0.984757459606768	0.9741919965905613	0.9934518841988875	5000
external_all	430	255	175	brier	0.04995296134977417	0.03431148900329615	0.06787675278792372	5000
external_all	430	255	175	sensitivity_at_0_5	0.9647058823529412	0.9411764705882353	0.984313725490196	5000
external_all	430	255	175	specificity_at_0_5	0.9085714285714286	0.8628571428571429	0.9485714285714286	5000
external_hiro	69	27	42	auroc	0.9885361552028218	0.9673721340388007	1.0	5000
external_hiro	69	27	42	auprc	0.9832151926173662	0.9550506351306768	1.0	5000
external_hiro	69	27	42	brier	0.06173526297096404	0.01772011545442166	0.11580498489660822	5000
external_hiro	69	27	42	sensitivity_at_0_5	0.9629629629629629	0.8888888888888888	1.0	5000
external_hiro	69	27	42	specificity_at_0_5	0.9047619047619048	0.8095238095238095	0.9761904761904762	5000
external_emerge	176	96	80	auroc	0.9893229166666666	0.9713541666666667	0.999609375	5000
external_emerge	176	96	80	auprc	0.9889547007766453	0.9687358713050264	0.9996778350515462	5000
external_emerge	176	96	80	brier	0.028809687229413437	0.013734299295387446	0.047927841292859326	5000
external_emerge	176	96	80	sensitivity_at_0_5	0.9791666666666666	0.9479166666666666	1.0	5000
external_emerge	176	96	80	specificity_at_0_5	0.95	0.9	0.9875	5000
external_cardioboost	185	132	53	auroc	0.956332189822756	0.9239547598627788	0.9832797312750143	5000
external_cardioboost	185	132	53	auprc	0.9831337744683282	0.9700221570133649	0.9937695696353606	5000
external_cardioboost	185	132	53	brier	0.06567316369205195	0.03719752664553028	0.09829506548491776	5000
external_cardioboost	185	132	53	sensitivity_at_0_5	0.9545454545454546	0.9166666666666666	0.9848484848484849	5000
external_cardioboost	185	132	53	specificity_at_0_5	0.8490566037735849	0.7547169811320755	0.9433962264150944	5000
missense	321	178	143	auroc	0.9855818338964406	0.9736780073858725	0.9946963149210339	5000
missense	321	178	143	auprc	0.9874683327016202	0.9761974731146136	0.9957798795351075	5000
missense	321	178	143	brier	0.04666802561059168	0.029394018353078206	0.06596801056187275	5000
missense	321	178	143	sensitivity_at_0_5	0.9775280898876404	0.9550561797752809	0.9943820224719101	5000
missense	321	178	143	specificity_at_0_5	0.9090909090909091	0.8601398601398601	0.951048951048951	5000
gnomad_confirmed_absent	32	13	19	auroc	0.8036437246963563	0.609261133603239	0.9676113360323887	5000
gnomad_confirmed_absent	32	13	19	auprc	0.8507326007326006	0.7133068081343943	0.9685314685314685	5000
gnomad_confirmed_absent	32	13	19	brier	0.2220843398482213	0.09295003417642543	0.35725309005193034	5000
gnomad_confirmed_absent	32	13	19	sensitivity_at_0_5	0.6923076923076923	0.46153846153846156	0.9230769230769231	5000
gnomad_confirmed_absent	32	13	19	specificity_at_0_5	0.7894736842105263	0.5789473684210527	0.9473684210526315	5000
