queue	budget_fraction	review_rows	pathogenic_found	pathogenic_recall	precision	enrichment_over_prevalence	pathogenic_recall_ci_95_low	pathogenic_recall_ci_95_high	precision_ci_95_low	precision_ci_95_high	resampling_interpretation
CardioQueue score	0.05	22	22.0	0.08627450980392157	1.0	1.6862745098039214	0.08627450980392157	0.08627450980392157	1.0	1.0	outcome-stratified bootstrap
Unprioritized random order	0.05	22	13.046511627906979	0.05	0.5930232558139535	1.0	0.03529411764705882	0.06666666666666667	0.4090909090909091	0.7727272727272727	random-order simulation interval
CardioQueue score	0.1	43	43.0	0.16862745098039217	1.0	1.6862745098039214	0.16862745098039217	0.16862745098039217	1.0	1.0	outcome-stratified bootstrap
Unprioritized random order	0.1	43	25.500000000000004	0.1	0.5930232558139535	1.0	0.07450980392156863	0.12156862745098039	0.4418604651162791	0.7209302325581395	random-order simulation interval
CardioQueue score	0.2	86	86.0	0.33725490196078434	1.0	1.6862745098039214	0.33725490196078434	0.33725490196078434	1.0	1.0	outcome-stratified bootstrap
Unprioritized random order	0.2	86	51.00000000000001	0.2	0.5930232558139535	1.0	0.16862745098039217	0.23137254901960785	0.5	0.686046511627907	random-order simulation interval
CardioQueue score	0.3	129	128.0	0.5019607843137255	0.9922480620155039	1.6732026143790848	0.49019607843137253	0.5058823529411764	0.9689922480620154	1.0	outcome-stratified bootstrap
Unprioritized random order	0.3	129	76.5	0.3	0.5930232558139535	1.0	0.2627450980392157	0.33725490196078434	0.5193798449612403	0.6666666666666666	random-order simulation interval
CardioQueue score	0.4	172	169.0	0.6627450980392157	0.9825581395348837	1.656862745098039	0.6470588235294118	0.6745098039215687	0.9593023255813954	1.0	outcome-stratified bootstrap
Unprioritized random order	0.4	172	102.00000000000001	0.4	0.5930232558139535	1.0	0.3607843137254902	0.4392156862745098	0.5348837209302325	0.6511627906976745	random-order simulation interval
CardioQueue score	0.5	215	211.0	0.8274509803921568	0.9813953488372092	1.6549019607843134	0.8156862745098039	0.8392156862745098	0.9674418604651163	0.9953488372093023	outcome-stratified bootstrap
Unprioritized random order	0.5	215	127.50000000000001	0.5	0.5930232558139535	1.0	0.4588235294117647	0.5372549019607843	0.5441860465116279	0.6372093023255814	random-order simulation interval
