plddt_tier	subset	comparison	metric	mean_difference	ci_low	ci_high	bootstrap_replicates
ge70	validation_all	ddg_minus_baseline	auprc	2.3356732630827713e-05	-5.952769087687326e-05	0.0001731339097912	2000
ge70	validation_all	ddg_minus_baseline	auroc	1.0948134258199016e-05	-1.4043975695524069e-05	6.202205473229691e-05	2000
ge70	validation_all	ddg_minus_baseline	brier	0.000245653683307	9.91177859752506e-05	0.0004349405471879	2000
ge70	validation_all	ddg_minus_eligibility	auprc	-1.3981087223638613e-05	-0.00013498074036	0.0001726690365731	2000
ge70	validation_all	ddg_minus_eligibility	auroc	4.032659605727407e-06	-2.992067974486312e-05	7.639956509470073e-05	2000
ge70	validation_all	ddg_minus_eligibility	brier	0.0004129821225815	0.0001988333734968	0.0006641808889203	2000
ge70	validation_all	eligibility_minus_baseline	auprc	3.733781985446632e-05	-3.773911282578535e-05	0.0001249262362894	2000
ge70	validation_all	eligibility_minus_baseline	auroc	6.915474652471609e-06	-1.8340571423672293e-05	2.6175090025684623e-05	2000
ge70	validation_all	eligibility_minus_baseline	brier	-0.0001673284392745	-0.0003836898364174	1.465168483090868e-05	2000
ge70	validation_foldx_covered	ddg_minus_baseline	auprc	-0.0001531422433662	-0.0006626053391213	7.310970728382188e-05	2000
ge70	validation_foldx_covered	ddg_minus_baseline	auroc	-0.0006215961492651	-0.0022484999872066	0.0004018567397168	2000
ge70	validation_foldx_covered	ddg_minus_baseline	brier	0.0012485218574162	5.489930551720027e-05	0.0032437390855504	2000
ge70	validation_foldx_covered	ddg_minus_eligibility	auprc	-0.000129291340317	-0.0004978233477076	3.94032066127814e-05	2000
ge70	validation_foldx_covered	ddg_minus_eligibility	auroc	-0.0005093226480015	-0.001409744673487	0.000224959477498	2000
ge70	validation_foldx_covered	ddg_minus_eligibility	brier	0.001964140791034	0.0005054253050338	0.0037183234526913	2000
ge70	validation_foldx_covered	eligibility_minus_baseline	auprc	-2.3850903049155657e-05	-0.0003765275388959	0.0002206836096148	2000
ge70	validation_foldx_covered	eligibility_minus_baseline	auroc	-0.0001122735012636	-0.0013966968785405	0.0009433028183048	2000
ge70	validation_foldx_covered	eligibility_minus_baseline	brier	-0.0007156189336177	-0.0023843433380541	0.0009803791151585	2000
ge70	heldout_775_all	ddg_minus_baseline	auprc	-0.0011004135804783	-0.0041523238137207	0.0006022519409934	2000
ge70	heldout_775_all	ddg_minus_baseline	auroc	-0.0007937142197237	-0.002458981851918	0.0005970675097379	2000
ge70	heldout_775_all	ddg_minus_baseline	brier	0.0022458949685228	-0.0001199213439166	0.0050329504907793	2000
ge70	heldout_775_all	ddg_minus_eligibility	auprc	-0.0020262254785424	-0.0049049456212596	-0.0004621022535004	2000
ge70	heldout_775_all	ddg_minus_eligibility	auroc	-0.0023254532741194	-0.0038951196926587	-0.0010875213978673	2000
ge70	heldout_775_all	ddg_minus_eligibility	brier	0.0070360681231746	0.0045948207934333	0.0104065940763521	2000
ge70	heldout_775_all	eligibility_minus_baseline	auprc	0.0009258118980641	8.996354349904425e-05	0.0022852212046201	2000
ge70	heldout_775_all	eligibility_minus_baseline	auroc	0.0015317390543956	0.0006068433710541	0.0024827451093537	2000
ge70	heldout_775_all	eligibility_minus_baseline	brier	-0.0047901731546518	-0.0068301321608075	-0.0027581097530935	2000
ge70	heldout_foldx_covered	ddg_minus_baseline	auprc	-0.0009952319021744	-0.0042284287582866	0.0010370776111224	2000
ge70	heldout_foldx_covered	ddg_minus_baseline	auroc	-0.0007728614902254	-0.0033186900608046	0.0014438499887872	2000
ge70	heldout_foldx_covered	ddg_minus_baseline	brier	0.0012979430472593	-0.0021749278816003	0.0052145386880166	2000
ge70	heldout_foldx_covered	ddg_minus_eligibility	auprc	-0.0022260733320307	-0.0076129755123849	2.822961976340036e-05	2000
ge70	heldout_foldx_covered	ddg_minus_eligibility	auroc	-0.0026572773583581	-0.0068052274897631	7.106622051094972e-05	2000
ge70	heldout_foldx_covered	ddg_minus_eligibility	brier	0.0073760269133226	0.0034280528591284	0.0134865932916654	2000
ge70	heldout_foldx_covered	eligibility_minus_baseline	auprc	0.0012308414298562	-0.0008486906040691	0.0058419051924744	2000
ge70	heldout_foldx_covered	eligibility_minus_baseline	auroc	0.0018844158681327	-0.0008208881011942	0.006052057677623	2000
ge70	heldout_foldx_covered	eligibility_minus_baseline	brier	-0.0060780838660633	-0.0114526026833516	-0.0019302287025359	2000
ge50	validation_all	ddg_minus_baseline	auprc	4.745378016757556e-05	-5.459754313940357e-05	0.000159446750322	2000
ge50	validation_all	ddg_minus_baseline	auroc	1.27562126389415e-05	-1.9504072401327343e-05	4.599935415911526e-05	2000
ge50	validation_all	ddg_minus_baseline	brier	-3.31939559799469e-05	-0.0001809512534458	0.0001209804257753	2000
ge50	validation_all	ddg_minus_eligibility	auprc	-2.9998610419107062e-05	-0.0001422844604506	4.3001638145351154e-05	2000
ge50	validation_all	ddg_minus_eligibility	auroc	-1.1695556015943686e-05	-4.780251734800567e-05	9.287898565216137e-06	2000
ge50	validation_all	ddg_minus_eligibility	brier	-5.755290950268717e-05	-0.0001881286778641	8.397699012102682e-05	2000
ge50	validation_all	eligibility_minus_baseline	auprc	7.745239058668263e-05	-1.709987216191311e-05	0.0002505586397388	2000
ge50	validation_all	eligibility_minus_baseline	auroc	2.4451768654885188e-05	-4.146001714905312e-06	8.040512337730565e-05	2000
ge50	validation_all	eligibility_minus_baseline	brier	2.435895352274027e-05	-7.243104277609274e-05	0.0001237221170562	2000
ge50	validation_foldx_covered	ddg_minus_baseline	auprc	-7.080232824056065e-06	-0.0002639350315891	0.0002300526363517	2000
ge50	validation_foldx_covered	ddg_minus_baseline	auroc	-2.221435685066936e-05	-0.0008212388007474	0.0010225457969218	2000
ge50	validation_foldx_covered	ddg_minus_baseline	brier	-0.000707589876881	-0.002385083475057	0.0009682933431921	2000
ge50	validation_foldx_covered	ddg_minus_eligibility	auprc	0.000152865756934	-8.85120113366944e-05	0.0005847848939993	2000
ge50	validation_foldx_covered	ddg_minus_eligibility	auroc	0.0005696495431861	-0.0003725317993835	0.002029814300897	2000
ge50	validation_foldx_covered	ddg_minus_eligibility	brier	-0.0012688557526667	-0.0030837499604047	0.000242090330551	2000
ge50	validation_foldx_covered	eligibility_minus_baseline	auprc	-0.000159945989758	-0.0005752556656755	1.3095059465933912e-05	2000
ge50	validation_foldx_covered	eligibility_minus_baseline	auroc	-0.0005918639000368	-0.0017293851177337	7.267699278075117e-05	2000
ge50	validation_foldx_covered	eligibility_minus_baseline	brier	0.0005612658757856	-0.0002353809223562	0.0014299629733931	2000
ge50	heldout_775_all	ddg_minus_baseline	auprc	0.000793563348342	0.0001400763864321	0.0020060426602345	2000
ge50	heldout_775_all	ddg_minus_baseline	auroc	0.000893204948578	0.0001899045562065	0.001704590785854	2000
ge50	heldout_775_all	ddg_minus_baseline	brier	-0.0031504492439591	-0.005028083149117	-0.001005798808963	2000
ge50	heldout_775_all	ddg_minus_eligibility	auprc	0.000182146386176	-0.0009232836128207	0.0013895389124955	2000
ge50	heldout_775_all	ddg_minus_eligibility	auroc	-0.0001770920451106	-0.0013964831060331	0.0009172485753809	2000
ge50	heldout_775_all	ddg_minus_eligibility	brier	-0.0010765097527681	-0.0034295491093045	0.0020438367387069	2000
ge50	heldout_775_all	eligibility_minus_baseline	auprc	0.0006114169621659	-0.0005142480721842	0.0021207222204403	2000
ge50	heldout_775_all	eligibility_minus_baseline	auroc	0.0010702969936887	-0.0001853239072308	0.0025275496230541	2000
ge50	heldout_775_all	eligibility_minus_baseline	brier	-0.0020739394911909	-0.0048038554335684	0.0002686451564985	2000
ge50	heldout_foldx_covered	ddg_minus_baseline	auprc	0.0018895923584307	0.0002522188594597	0.0052888908699681	2000
ge50	heldout_foldx_covered	ddg_minus_baseline	auroc	0.0023540702017916	0.0004351143695069	0.0051307672113428	2000
ge50	heldout_foldx_covered	ddg_minus_baseline	brier	-0.005519410626619	-0.0093318516142268	-0.0019027202621303	2000
ge50	heldout_foldx_covered	ddg_minus_eligibility	auprc	0.0007177413899133	-0.0024890600178289	0.0034969947972895	2000
ge50	heldout_foldx_covered	ddg_minus_eligibility	auroc	0.0005329291327748	-0.0031189397600169	0.0036940768118958	2000
ge50	heldout_foldx_covered	ddg_minus_eligibility	brier	-0.0019140660676948	-0.0054568708635311	0.0031614977185398	2000
ge50	heldout_foldx_covered	eligibility_minus_baseline	auprc	0.0011718509685174	-0.0015653237051915	0.005752796317167	2000
ge50	heldout_foldx_covered	eligibility_minus_baseline	auroc	0.0018211410690168	-0.0013738508223802	0.0062136025475035	2000
ge50	heldout_foldx_covered	eligibility_minus_baseline	brier	-0.0036053445589242	-0.0090089166442797	-0.0001044897955017	2000
any	validation_all	ddg_minus_baseline	auprc	-1.276764194359542e-05	-0.0001011460596165	0.0001014188941824	2000
any	validation_all	ddg_minus_baseline	auroc	-1.0877791121061131e-06	-2.294268549449252e-05	2.776016990991552e-05	2000
any	validation_all	ddg_minus_baseline	brier	9.77340626569397e-05	-2.6470317247529017e-05	0.000233113727793	2000
any	validation_all	ddg_minus_eligibility	auprc	-0.0001034163108401	-0.0002514122259259	-3.2150531129455794e-06	2000
any	validation_all	ddg_minus_eligibility	auroc	-2.9474073157124025e-05	-7.320937322176646e-05	-1.2701887187716348e-06	2000
any	validation_all	ddg_minus_eligibility	brier	0.0001513057356794	-1.7841392842083466e-05	0.0003425043498938	2000
any	validation_all	eligibility_minus_baseline	auprc	9.064866889655382e-05	-1.0504781343453894e-05	0.0002823283521637	2000
any	validation_all	eligibility_minus_baseline	auroc	2.838629404501791e-05	-2.429211947391208e-06	8.740941992348981e-05	2000
any	validation_all	eligibility_minus_baseline	brier	-5.357167302255167e-05	-0.0002399354196312	9.449516026520005e-05	2000
any	validation_foldx_covered	ddg_minus_baseline	auprc	-0.0002652311789423	-0.000868115324475	0.0	2000
any	validation_foldx_covered	ddg_minus_baseline	auroc	-0.0006396844666196	-0.0019770763620763	-1.1102230246251563e-16	2000
any	validation_foldx_covered	ddg_minus_baseline	brier	0.0004591909807337	-0.0003902326006965	0.0014092752606997	2000
any	validation_foldx_covered	ddg_minus_eligibility	auprc	-5.8301384473166184e-05	-0.0006348577803623	0.0004552587625193	2000
any	validation_foldx_covered	ddg_minus_eligibility	auroc	-0.0001004804942288	-0.0014907257499844	0.0010697129364693	2000
any	validation_foldx_covered	ddg_minus_eligibility	brier	0.0002340000185052	-0.0011078024061179	0.0017107579090961	2000
any	validation_foldx_covered	eligibility_minus_baseline	auprc	-0.0002069297944691	-0.0007333209734747	1.0260190087335583e-05	2000
any	validation_foldx_covered	eligibility_minus_baseline	auroc	-0.0005392039723907	-0.0016078358599103	2.024816895406233e-05	2000
any	validation_foldx_covered	eligibility_minus_baseline	brier	0.0002251909622284	-0.0006178954504948	0.0011484585225837	2000
any	heldout_775_all	ddg_minus_baseline	auprc	0.0001495098047066	-0.000723881830443	0.0022881793910891	2000
any	heldout_775_all	ddg_minus_baseline	auroc	7.611407111864088e-06	-0.0010139532692075	0.0017315238256549	2000
any	heldout_775_all	ddg_minus_baseline	brier	0.0007018722654375	-0.0012609149317991	0.003131342241973	2000
any	heldout_775_all	ddg_minus_eligibility	auprc	-0.0004279611920317	-0.001329575357459	0.0011912378129263	2000
any	heldout_775_all	ddg_minus_eligibility	auroc	-0.0007669745078245	-0.0019046073255456	0.0006961004455544	2000
any	heldout_775_all	ddg_minus_eligibility	brier	0.0024936445972325	0.0004451794298635	0.0041714768500136	2000
any	heldout_775_all	eligibility_minus_baseline	auprc	0.0005774709967384	-0.0003768945884658	0.0017470417263307	2000
any	heldout_775_all	eligibility_minus_baseline	auroc	0.0007745859149364	-0.0002294035925971	0.0020156972400085	2000
any	heldout_775_all	eligibility_minus_baseline	brier	-0.0017917723317949	-0.0039851024599983	0.0008132139142397	2000
any	heldout_foldx_covered	ddg_minus_baseline	auprc	0.0005511198961678	-0.001632813535895	0.0046505660027675	2000
any	heldout_foldx_covered	ddg_minus_baseline	auroc	0.0004697468716347	-0.0012631179317486	0.0033037662000342	2000
any	heldout_foldx_covered	ddg_minus_baseline	brier	0.0012814162402406	-0.0014019258177857	0.004031536512068	2000
any	heldout_foldx_covered	ddg_minus_eligibility	auprc	-0.0009827437989076	-0.0037696120237735	0.0019016617948275	2000
any	heldout_foldx_covered	ddg_minus_eligibility	auroc	-0.0009118150011302	-0.0025490569167353	0.0014059286872784	2000
any	heldout_foldx_covered	ddg_minus_eligibility	brier	0.0040279684817875	0.0012874365161221	0.0068619780177816	2000
any	heldout_foldx_covered	eligibility_minus_baseline	auprc	0.0015338636950754	-0.0002043510746197	0.004508936061534	2000
any	heldout_foldx_covered	eligibility_minus_baseline	auroc	0.0013815618727649	1.9555668469836723e-05	0.0032619517776567	2000
any	heldout_foldx_covered	eligibility_minus_baseline	brier	-0.0027465522415469	-0.0062640391014062	0.0003035074501828	2000
