subset	model	rows	pathogenic	benign	auroc	auprc	brier	sensitivity_0.5	specificity_0.5
external_all	Baseline	430	255	175	0.9768403361344538	0.984567393772779	0.05290173634661226	0.9647058823529412	0.8857142857142857
external_all	Structure-enhanced	430	255	175	0.9793725490196079	0.9869326448284793	0.051993007732220535	0.9607843137254902	0.8914285714285715
external_structure_covered	Baseline	271	164	107	0.984385684978345	0.9886630773269838	0.04569260294197255	0.9817073170731707	0.8785046728971962
external_structure_covered	Structure-enhanced	271	164	107	0.9878048780487805	0.9917426801019791	0.04374198837836567	0.975609756097561	0.897196261682243
external_structure_missing	Baseline	159	91	68	0.968568196509373	0.9783897221425314	0.06518900145766483	0.9340659340659341	0.8970588235294118
external_structure_missing	Structure-enhanced	159	91	68	0.9680833872010343	0.9784719871570096	0.06605606587621217	0.9340659340659341	0.8823529411764706
external_hiro	Baseline	69	27	42	0.9876543209876544	0.9829872632813808	0.0682968185283928	0.9629629629629629	0.8809523809523809
external_hiro	Structure-enhanced	69	27	42	0.9885361552028219	0.9838785288785286	0.0667179482454342	0.9629629629629629	0.8809523809523809
external_emerge	Baseline	176	96	80	0.991015625	0.991355582669721	0.029529510352062627	0.9791666666666666	0.9375
external_emerge	Structure-enhanced	176	96	80	0.990234375	0.9905493681095598	0.0296002624978108	0.96875	0.925
external_cardioboost	Baseline	185	132	53	0.9520440251572329	0.9812410108636593	0.06939498556011428	0.9545454545454546	0.8113207547169812
external_cardioboost	Structure-enhanced	185	132	53	0.9583333333333336	0.9850404128450194	0.0678043713313793	0.9545454545454546	0.8490566037735849
