benchmark	bootstrap_policy	comparison	metric	point_difference	bootstrap_mean_difference	ci_95_low	ci_95_high	n_boot	rows	unique_variants	pathogenic	benign
hgvs_cdot_primary_external_all	row_stratified_paired	Our CatBoost minus Official CardioBoost	AUROC	0.13770180436847101	0.138189334502155	0.08290963547373799	0.1952023522536342	5000	250	219	169	81
hgvs_cdot_primary_external_all	row_stratified_paired	Our CatBoost minus Official CardioBoost	AUPRC	0.08743042560958836	0.08762821117775255	0.04791769316173166	0.1320218456558714	5000	250	219	169	81
hgvs_cdot_primary_external_all	row_stratified_paired	Our CatBoost minus Official CardioBoost	sensitivity	0.08284023668639051	0.08263195266272189	0.029585798816567976	0.13609467455621305	5000	250	219	169	81
hgvs_cdot_primary_external_all	row_stratified_paired	Our CatBoost minus Official CardioBoost	specificity	0.3950617283950617	0.3954567901234568	0.2716049382716049	0.5185185185185186	5000	250	219	169	81
hgvs_cdot_primary_external_all	row_stratified_paired	Our CatBoost minus Official CardioBoost	PPV	0.12812752219531887	0.12818423838167955	0.0819275210084034	0.1719849046764476	5000	250	219	169	81
hgvs_cdot_primary_external_all	row_stratified_paired	Our CatBoost minus Official CardioBoost	NPV	0.0	0.0	0.0	0.0	5000	250	219	169	81
hgvs_cdot_primary_external_all	row_stratified_paired	Our CatBoost minus Official CardioBoost	deferral_rate	-0.092	-0.0917328	-0.15600000000000003	-0.027999999999999997	5000	250	219	169	81
hgvs_cdot_primary_external_all	row_stratified_paired	Our CatBoost minus Official CardioBoost	high_conf_accuracy	0.12513726664670066	0.12519341578193585	0.08217329785771688	0.16671785260874883	5000	250	219	169	81
hgvs_cdot_primary_external_all	row_stratified_paired	Our CatBoost minus Official CardioBoost	high_conf_classified_rate	0.09199999999999997	0.09173279999999998	0.027999999999999914	0.15600000000000003	5000	250	219	169	81
hgvs_cdot_primary_external_all	row_stratified_paired	Our CatBoost minus Official CardioBoost	MCC_at_0_5	0.4256069093809011	0.4265653885843502	0.3118056338243458	0.5452121416811916	5000	250	219	169	81
hgvs_cdot_primary_external_all	variant_cluster_stratified_paired	Our CatBoost minus Official CardioBoost	AUROC	0.13770180436847101	0.1376335671687767	0.0808125896821961	0.20055898072869616	5000	250	219	169	81
hgvs_cdot_primary_external_all	variant_cluster_stratified_paired	Our CatBoost minus Official CardioBoost	AUPRC	0.08743042560958836	0.087091180703035	0.044785217355404645	0.1349991343184055	5000	250	219	169	81
hgvs_cdot_primary_external_all	variant_cluster_stratified_paired	Our CatBoost minus Official CardioBoost	sensitivity	0.08284023668639051	0.08301335436145234	0.024691358024691357	0.14117647058823524	5000	250	219	169	81
hgvs_cdot_primary_external_all	variant_cluster_stratified_paired	Our CatBoost minus Official CardioBoost	specificity	0.3950617283950617	0.39599377441378847	0.25	0.5349044850498337	5000	250	219	169	81
hgvs_cdot_primary_external_all	variant_cluster_stratified_paired	Our CatBoost minus Official CardioBoost	PPV	0.12812752219531887	0.12769917598026914	0.08174075603266359	0.17605035469882738	5000	250	219	169	81
hgvs_cdot_primary_external_all	variant_cluster_stratified_paired	Our CatBoost minus Official CardioBoost	NPV	0.0	0.0	0.0	0.0	5000	250	219	169	81
hgvs_cdot_primary_external_all	variant_cluster_stratified_paired	Our CatBoost minus Official CardioBoost	deferral_rate	-0.092	-0.09283046854987966	-0.16666666666666669	-0.019760900687809307	5000	250	219	169	81
hgvs_cdot_primary_external_all	variant_cluster_stratified_paired	Our CatBoost minus Official CardioBoost	high_conf_accuracy	0.12513726664670066	0.12469254684551019	0.08318747259467338	0.16903789193690733	5000	250	219	169	81
hgvs_cdot_primary_external_all	variant_cluster_stratified_paired	Our CatBoost minus Official CardioBoost	high_conf_classified_rate	0.09199999999999997	0.09283046854987967	0.019760900687809276	0.16666666666666663	5000	250	219	169	81
hgvs_cdot_primary_external_all	variant_cluster_stratified_paired	Our CatBoost minus Official CardioBoost	MCC_at_0_5	0.4256069093809011	0.42648924041786596	0.30990142432858964	0.5433523190124614	5000	250	219	169	81
hgvs_cdot_primary_external_cardioboost	row_stratified_paired	Our CatBoost minus Official CardioBoost	AUROC	0.18401744993059677	0.18389292088042836	0.10073369026373191	0.2738449335712869	5000	164	152	123	41
hgvs_cdot_primary_external_cardioboost	row_stratified_paired	Our CatBoost minus Official CardioBoost	AUPRC	0.08451911474154528	0.08387568317506373	0.03959790044385464	0.1354005868202967	5000	164	152	123	41
hgvs_cdot_primary_external_cardioboost	row_stratified_paired	Our CatBoost minus Official CardioBoost	sensitivity	0.09756097560975618	0.09758211382113821	0.04065040650406504	0.16260162601626016	5000	164	152	123	41
hgvs_cdot_primary_external_cardioboost	row_stratified_paired	Our CatBoost minus Official CardioBoost	specificity	0.2926829268292683	0.29193658536585365	0.14634146341463414	0.46341463414634143	5000	164	152	123	41
hgvs_cdot_primary_external_cardioboost	row_stratified_paired	Our CatBoost minus Official CardioBoost	PPV	0.10948031496062993	0.10952455850293724	0.05776093487031911	0.15833622745630138	5000	164	152	123	41
hgvs_cdot_primary_external_cardioboost	row_stratified_paired	Our CatBoost minus Official CardioBoost	NPV	0.0	0.0	0.0	0.0	5000	164	152	123	41
hgvs_cdot_primary_external_cardioboost	row_stratified_paired	Our CatBoost minus Official CardioBoost	deferral_rate	-0.06097560975609756	-0.06065609756097561	-0.13414634146341464	0.012195121951219523	5000	164	152	123	41
hgvs_cdot_primary_external_cardioboost	row_stratified_paired	Our CatBoost minus Official CardioBoost	high_conf_accuracy	0.11098901098901104	0.11097526307010287	0.06133041695541699	0.15871301383890876	5000	164	152	123	41
hgvs_cdot_primary_external_cardioboost	row_stratified_paired	Our CatBoost minus Official CardioBoost	high_conf_classified_rate	0.060975609756097504	0.06065609756097559	-0.012195121951219523	0.13414634146341464	5000	164	152	123	41
hgvs_cdot_primary_external_cardioboost	row_stratified_paired	Our CatBoost minus Official CardioBoost	MCC_at_0_5	0.5738345679845301	0.5767345629872468	0.40068071579873543	0.7765373318303587	5000	164	152	123	41
hgvs_cdot_primary_external_cardioboost	variant_cluster_stratified_paired	Our CatBoost minus Official CardioBoost	AUROC	0.18401744993059677	0.18474241086588888	0.10034398549018587	0.27250942102299497	5000	164	152	123	41
hgvs_cdot_primary_external_cardioboost	variant_cluster_stratified_paired	Our CatBoost minus Official CardioBoost	AUPRC	0.08451911474154528	0.08443120510311439	0.038878096765581564	0.1365301279592605	5000	164	152	123	41
hgvs_cdot_primary_external_cardioboost	variant_cluster_stratified_paired	Our CatBoost minus Official CardioBoost	sensitivity	0.09756097560975618	0.0974315029982352	0.03968253968253965	0.16129032258064513	5000	164	152	123	41
hgvs_cdot_primary_external_cardioboost	variant_cluster_stratified_paired	Our CatBoost minus Official CardioBoost	specificity	0.2926829268292683	0.29410027197712224	0.13953488372093026	0.4615384615384615	5000	164	152	123	41
hgvs_cdot_primary_external_cardioboost	variant_cluster_stratified_paired	Our CatBoost minus Official CardioBoost	PPV	0.10948031496062993	0.1092941764537758	0.0547389214727924	0.158629679144385	5000	164	152	123	41
hgvs_cdot_primary_external_cardioboost	variant_cluster_stratified_paired	Our CatBoost minus Official CardioBoost	NPV	0.0	0.0	0.0	0.0	5000	164	152	123	41
hgvs_cdot_primary_external_cardioboost	variant_cluster_stratified_paired	Our CatBoost minus Official CardioBoost	deferral_rate	-0.06097560975609756	-0.06113883969831881	-0.13874112826516424	0.012740894986117883	5000	164	152	123	41
hgvs_cdot_primary_external_cardioboost	variant_cluster_stratified_paired	Our CatBoost minus Official CardioBoost	high_conf_accuracy	0.11098901098901104	0.11063856122627365	0.05992382530270573	0.15778366370471636	5000	164	152	123	41
hgvs_cdot_primary_external_cardioboost	variant_cluster_stratified_paired	Our CatBoost minus Official CardioBoost	high_conf_classified_rate	0.060975609756097504	0.06113883969831881	-0.012740894986117914	0.13874112826516402	5000	164	152	123	41
hgvs_cdot_primary_external_cardioboost	variant_cluster_stratified_paired	Our CatBoost minus Official CardioBoost	MCC_at_0_5	0.5738345679845301	0.5779522783827961	0.40630131279700293	0.7767869830240874	5000	164	152	123	41
