comparator	budget_fraction	cardioqueue_recall	comparator_recall_tie_mean	cardioqueue_minus_comparator_recall	paired_ci_95_low	paired_ci_95_high	bootstrap_samples
VEP consequence severity	0.1	0.16862745098039217	0.15780862745098037	0.010818823529411797	0.0	0.023529411764705882	5000
VEP consequence severity	0.2	0.33725490196078434	0.31090666666666655	0.026348235294117783	0.007843137254901988	0.050980392156862786	5000
VEP consequence severity	0.3	0.5019607843137255	0.40353411764705893	0.09842666666666655	0.06666666666666665	0.12941176470588234	5000
VEP consequence severity	0.5	0.8274509803921568	0.5890282352941176	0.23842274509803918	0.20392156862745092	0.2784313725490196	5000
CADD PHRED	0.1	0.16355140186915887	0.1588785046728972	0.004672897196261683	0.0	0.014018691588785048	5000
CADD PHRED	0.2	0.32710280373831774	0.30730700934579436	0.01979579439252338	0.004672897196261683	0.03738317757009346	5000
CADD PHRED	0.3	0.48598130841121495	0.46728971962616833	0.01869158878504662	0.004672897196261683	0.042056074766355145	5000
CADD PHRED	0.5	0.7990654205607477	0.7523364485981309	0.04672897196261683	0.02336448598130836	0.07476635514018692	5000
gnomAD rarity	0.1	0.19148936170212766	0.12316223404255318	0.06832712765957448	0.04255319148936171	0.09574468085106383	5000
gnomAD rarity	0.2	0.3829787234042553	0.2712765957446809	0.11170212765957444	0.06914893617021278	0.14893617021276595	5000
gnomAD rarity	0.3	0.5638297872340425	0.4627659574468084	0.10106382978723416	0.05851063829787234	0.14893617021276595	5000
gnomAD rarity	0.5	0.9148936170212766	0.7872340425531915	0.12765957446808507	0.07446808510638292	0.17021276595744683	5000
REVEL	0.1	0.1791907514450867	0.1734104046242774	0.005780346820809301	0.0	0.017341040462427737	5000
REVEL	0.2	0.35260115606936415	0.3236994219653179	0.02890173410404623	0.005780346820809246	0.05202312138728321	5000
REVEL	0.3	0.5260115606936416	0.49132947976878605	0.034682080924855585	0.011560693641618491	0.06358381502890176	5000
REVEL	0.5	0.8670520231213873	0.8092485549132946	0.05780346820809268	0.028901734104046173	0.09248554913294793	5000
AlphaMissense direct	0.1	0.17073170731707318	0.17073170731707318	0.0	0.0	0.0	5000
AlphaMissense direct	0.2	0.3353658536585366	0.3292682926829268	0.006097560975609817	0.0	0.018292682926829285	5000
AlphaMissense direct	0.3	0.5	0.48780487804878064	0.012195121951219356	0.0	0.030487804878048808	5000
AlphaMissense direct	0.5	0.8170731707317073	0.7804878048780489	0.03658536585365835	0.0060975609756097615	0.060975609756097504	5000
AlphaMissense direct+fallback	0.1	0.17714285714285713	0.17714285714285707	5.551115123125783e-17	0.0	0.0	5000
AlphaMissense direct+fallback	0.2	0.35428571428571426	0.3485714285714287	0.005714285714285561	0.0	0.017142857142857126	5000
AlphaMissense direct+fallback	0.3	0.5257142857142857	0.5199999999999998	0.005714285714285894	0.0	0.02857142857142858	5000
AlphaMissense direct+fallback	0.5	0.8628571428571429	0.8000000000000002	0.06285714285714272	0.02857142857142858	0.09142857142857141	5000
