model	cohort	queue_direction	historical_vus_rows	target_transitions	budget_fraction	review_rows	target_found	target_recall	later_pathogenic_in_reviewed	later_benign_in_reviewed	still_vus_in_reviewed	no_unambiguous_current_class_in_reviewed	observed_transition_yield_lower_bound	enrichment_over_transition_prevalence	random_expected_recall
full_300	in_scope_primary	later_pathogenic	25481	146	0.003924492759310859	100	1	0.00684931506849315	1	0	98	1	0.01	1.7452739726027398	0.003924492759310859
full_300	in_scope_primary	later_pathogenic	25481	146	0.009811231898277147	250	6	0.0410958904109589	6	0	243	1	0.024	4.188657534246576	0.009811231898277147
full_300	in_scope_primary	later_pathogenic	25481	146	0.019622463796554294	500	16	0.1095890410958904	16	0	483	1	0.032	5.584876712328767	0.019622463796554294
full_300	in_scope_primary	later_pathogenic	25481	146	0.03924492759310859	1000	33	0.22602739726027396	33	0	966	1	0.033	5.759404109589042	0.03924492759310859
full_300	in_scope_primary	later_pathogenic	25481	146	0.09811231898277148	2500	56	0.3835616438356164	56	0	2441	3	0.0224	3.909413698630137	0.09811231898277148
full_300	in_scope_primary	later_pathogenic	25481	146	0.19622463796554296	5000	93	0.636986301369863	93	0	4898	9	0.0186	3.246209589041096	0.19622463796554296
full_300	in_scope_primary	later_benign	25481	309	0.003924492759310859	100	4	0.012944983818770227	0	4	96	0	0.04	3.2985113268608415	0.003924492759310859
full_300	in_scope_primary	later_benign	25481	309	0.009811231898277147	250	14	0.045307443365695796	0	14	236	0	0.056	4.617915857605178	0.009811231898277147
full_300	in_scope_primary	later_benign	25481	309	0.019622463796554294	500	54	0.17475728155339806	0	54	446	0	0.108	8.905980582524272	0.019622463796554294
full_300	in_scope_primary	later_benign	25481	309	0.03924492759310859	1000	125	0.4045307443365696	0	125	875	0	0.125	10.30784789644013	0.03924492759310859
full_300	in_scope_primary	later_benign	25481	309	0.09811231898277148	2500	243	0.7864077669902912	1	243	2248	8	0.0972	8.015382524271844	0.09811231898277148
full_300	in_scope_primary	later_benign	25481	309	0.19622463796554296	5000	269	0.8705501618122977	1	269	4689	41	0.0538	4.436497734627832	0.19622463796554296
no_precomputed_effect_242	in_scope_primary	later_pathogenic	25481	146	0.003924492759310859	100	4	0.0273972602739726	4	0	96	0	0.04	6.981095890410959	0.003924492759310859
no_precomputed_effect_242	in_scope_primary	later_pathogenic	25481	146	0.009811231898277147	250	16	0.1095890410958904	16	0	234	0	0.064	11.169753424657534	0.009811231898277147
no_precomputed_effect_242	in_scope_primary	later_pathogenic	25481	146	0.019622463796554294	500	25	0.17123287671232876	25	0	474	1	0.05	8.7263698630137	0.019622463796554294
no_precomputed_effect_242	in_scope_primary	later_pathogenic	25481	146	0.03924492759310859	1000	40	0.273972602739726	40	0	958	2	0.04	6.981095890410959	0.03924492759310859
no_precomputed_effect_242	in_scope_primary	later_pathogenic	25481	146	0.09811231898277148	2500	63	0.4315068493150685	63	0	2435	2	0.0252	4.398090410958904	0.09811231898277148
no_precomputed_effect_242	in_scope_primary	later_pathogenic	25481	146	0.19622463796554296	5000	96	0.6575342465753424	96	0	4902	2	0.0192	3.3509260273972603	0.19622463796554296
no_precomputed_effect_242	in_scope_primary	later_benign	25481	309	0.003924492759310859	100	5	0.016181229773462782	0	5	95	0	0.05	4.123139158576052	0.003924492759310859
no_precomputed_effect_242	in_scope_primary	later_benign	25481	309	0.009811231898277147	250	26	0.08414239482200647	0	26	224	0	0.104	8.576129449838188	0.009811231898277147
no_precomputed_effect_242	in_scope_primary	later_benign	25481	309	0.019622463796554294	500	69	0.22330097087378642	0	69	431	0	0.138	11.379864077669904	0.019622463796554294
no_precomputed_effect_242	in_scope_primary	later_benign	25481	309	0.03924492759310859	1000	136	0.4401294498381877	0	136	863	1	0.136	11.214938511326862	0.03924492759310859
no_precomputed_effect_242	in_scope_primary	later_benign	25481	309	0.09811231898277148	2500	247	0.7993527508090615	1	247	2242	10	0.0988	8.147322977346278	0.09811231898277148
no_precomputed_effect_242	in_scope_primary	later_benign	25481	309	0.19622463796554296	5000	273	0.883495145631068	2	273	4677	48	0.0546	4.502467961165049	0.19622463796554296
low_circularity	in_scope_primary	later_pathogenic	25481	146	0.003924492759310859	100	5	0.03424657534246575	5	0	95	0	0.05	8.7263698630137	0.003924492759310859
low_circularity	in_scope_primary	later_pathogenic	25481	146	0.009811231898277147	250	13	0.08904109589041095	13	0	237	0	0.052	9.075424657534246	0.009811231898277147
low_circularity	in_scope_primary	later_pathogenic	25481	146	0.019622463796554294	500	24	0.1643835616438356	24	0	476	0	0.048	8.377315068493152	0.019622463796554294
low_circularity	in_scope_primary	later_pathogenic	25481	146	0.03924492759310859	1000	31	0.21232876712328766	31	0	968	1	0.031	5.410349315068493	0.03924492759310859
low_circularity	in_scope_primary	later_pathogenic	25481	146	0.09811231898277148	2500	58	0.3972602739726027	58	0	2440	2	0.0232	4.049035616438356	0.09811231898277148
low_circularity	in_scope_primary	later_pathogenic	25481	146	0.19622463796554296	5000	94	0.6438356164383562	94	0	4901	5	0.0188	3.281115068493151	0.19622463796554296
low_circularity	in_scope_primary	later_benign	25481	309	0.003924492759310859	100	30	0.0970873786407767	0	30	70	0	0.3	24.73883495145631	0.003924492759310859
low_circularity	in_scope_primary	later_benign	25481	309	0.009811231898277147	250	60	0.1941747572815534	0	60	190	0	0.24	19.791067961165048	0.009811231898277147
low_circularity	in_scope_primary	later_benign	25481	309	0.019622463796554294	500	94	0.3042071197411003	0	94	406	0	0.188	15.503003236245956	0.019622463796554294
low_circularity	in_scope_primary	later_benign	25481	309	0.03924492759310859	1000	145	0.4692556634304207	0	145	854	1	0.145	11.95710355987055	0.03924492759310859
low_circularity	in_scope_primary	later_benign	25481	309	0.09811231898277148	2500	230	0.7443365695792881	2	230	2262	6	0.092	7.586576051779935	0.09811231898277148
low_circularity	in_scope_primary	later_benign	25481	309	0.19622463796554296	5000	279	0.9029126213592233	3	279	4676	42	0.0558	4.6014233009708745	0.19622463796554296
static_molecular	in_scope_primary	later_pathogenic	25481	146	0.003924492759310859	100	7	0.04794520547945205	7	0	92	1	0.07	12.21691780821918	0.003924492759310859
static_molecular	in_scope_primary	later_pathogenic	25481	146	0.009811231898277147	250	10	0.0684931506849315	10	0	239	1	0.04	6.981095890410959	0.009811231898277147
static_molecular	in_scope_primary	later_pathogenic	25481	146	0.019622463796554294	500	13	0.08904109589041095	13	0	486	1	0.026	4.537712328767123	0.019622463796554294
static_molecular	in_scope_primary	later_pathogenic	25481	146	0.03924492759310859	1000	29	0.19863013698630136	29	0	970	1	0.029	5.061294520547945	0.03924492759310859
static_molecular	in_scope_primary	later_pathogenic	25481	146	0.09811231898277148	2500	58	0.3972602739726027	58	0	2436	6	0.0232	4.049035616438356	0.09811231898277148
static_molecular	in_scope_primary	later_pathogenic	25481	146	0.19622463796554296	5000	89	0.6095890410958904	89	0	4882	29	0.0178	3.1065876712328766	0.19622463796554296
static_molecular	in_scope_primary	later_benign	25481	309	0.003924492759310859	100	58	0.18770226537216828	0	58	42	0	0.58	47.8284142394822	0.003924492759310859
static_molecular	in_scope_primary	later_benign	25481	309	0.009811231898277147	250	90	0.2912621359223301	0	90	160	0	0.36	29.686601941747572	0.009811231898277147
static_molecular	in_scope_primary	later_benign	25481	309	0.019622463796554294	500	109	0.35275080906148865	0	109	391	0	0.218	17.976886731391588	0.019622463796554294
static_molecular	in_scope_primary	later_benign	25481	309	0.03924492759310859	1000	166	0.5372168284789643	0	166	833	1	0.166	13.688822006472494	0.03924492759310859
static_molecular	in_scope_primary	later_benign	25481	309	0.09811231898277148	2500	227	0.7346278317152104	2	227	2267	4	0.0908	7.4876207119741105	0.09811231898277148
static_molecular	in_scope_primary	later_benign	25481	309	0.19622463796554296	5000	263	0.8511326860841424	3	263	4725	9	0.0526	4.337542394822006	0.19622463796554296
full_300	all_historical_vus_sensitivity	later_pathogenic	25737	146	0.003885456735439251	100	1	0.00684931506849315	1	0	98	1	0.01	1.7628082191780823	0.003885456735439251
full_300	all_historical_vus_sensitivity	later_pathogenic	25737	146	0.009713641838598127	250	6	0.0410958904109589	6	0	243	1	0.024	4.230739726027397	0.009713641838598127
full_300	all_historical_vus_sensitivity	later_pathogenic	25737	146	0.019427283677196254	500	16	0.1095890410958904	16	0	483	1	0.032	5.640986301369863	0.019427283677196254
full_300	all_historical_vus_sensitivity	later_pathogenic	25737	146	0.03885456735439251	1000	33	0.22602739726027396	33	0	966	1	0.033	5.817267123287672	0.03885456735439251
full_300	all_historical_vus_sensitivity	later_pathogenic	25737	146	0.09713641838598128	2500	56	0.3835616438356164	56	0	2441	3	0.0224	3.9486904109589043	0.09713641838598128
full_300	all_historical_vus_sensitivity	later_pathogenic	25737	146	0.19427283677196255	5000	93	0.636986301369863	93	0	4898	9	0.0186	3.2788232876712327	0.19427283677196255
full_300	all_historical_vus_sensitivity	later_benign	25737	311	0.003885456735439251	100	4	0.012861736334405145	0	4	96	0	0.04	3.310225080385852	0.003885456735439251
full_300	all_historical_vus_sensitivity	later_benign	25737	311	0.009713641838598127	250	14	0.04501607717041801	0	14	236	0	0.056	4.634315112540193	0.009713641838598127
full_300	all_historical_vus_sensitivity	later_benign	25737	311	0.019427283677196254	500	54	0.17363344051446947	0	54	446	0	0.108	8.9376077170418	0.019427283677196254
full_300	all_historical_vus_sensitivity	later_benign	25737	311	0.03885456735439251	1000	125	0.40192926045016075	0	125	875	0	0.125	10.344453376205788	0.03885456735439251
full_300	all_historical_vus_sensitivity	later_benign	25737	311	0.09713641838598128	2500	243	0.7813504823151125	1	243	2246	10	0.0972	8.04384694533762	0.09713641838598128
full_300	all_historical_vus_sensitivity	later_benign	25737	311	0.19427283677196255	5000	269	0.864951768488746	1	269	4683	47	0.0538	4.452252733118971	0.19427283677196255
no_precomputed_effect_242	all_historical_vus_sensitivity	later_pathogenic	25737	146	0.003885456735439251	100	4	0.0273972602739726	4	0	96	0	0.04	7.051232876712329	0.003885456735439251
no_precomputed_effect_242	all_historical_vus_sensitivity	later_pathogenic	25737	146	0.009713641838598127	250	16	0.1095890410958904	16	0	234	0	0.064	11.281972602739726	0.009713641838598127
no_precomputed_effect_242	all_historical_vus_sensitivity	later_pathogenic	25737	146	0.019427283677196254	500	25	0.17123287671232876	25	0	474	1	0.05	8.814041095890412	0.019427283677196254
no_precomputed_effect_242	all_historical_vus_sensitivity	later_pathogenic	25737	146	0.03885456735439251	1000	40	0.273972602739726	40	0	958	2	0.04	7.051232876712329	0.03885456735439251
no_precomputed_effect_242	all_historical_vus_sensitivity	later_pathogenic	25737	146	0.09713641838598128	2500	63	0.4315068493150685	63	0	2435	2	0.0252	4.442276712328767	0.09713641838598128
no_precomputed_effect_242	all_historical_vus_sensitivity	later_pathogenic	25737	146	0.19427283677196255	5000	96	0.6575342465753424	96	0	4901	3	0.0192	3.3845917808219177	0.19427283677196255
no_precomputed_effect_242	all_historical_vus_sensitivity	later_benign	25737	311	0.003885456735439251	100	5	0.01607717041800643	0	5	95	0	0.05	4.1377813504823155	0.003885456735439251
no_precomputed_effect_242	all_historical_vus_sensitivity	later_benign	25737	311	0.009713641838598127	250	26	0.08360128617363344	0	26	224	0	0.104	8.606585209003216	0.009713641838598127
no_precomputed_effect_242	all_historical_vus_sensitivity	later_benign	25737	311	0.019427283677196254	500	69	0.22186495176848875	0	69	431	0	0.138	11.42027652733119	0.019427283677196254
no_precomputed_effect_242	all_historical_vus_sensitivity	later_benign	25737	311	0.03885456735439251	1000	136	0.43729903536977494	0	136	863	1	0.136	11.254765273311898	0.03885456735439251
no_precomputed_effect_242	all_historical_vus_sensitivity	later_benign	25737	311	0.09713641838598128	2500	247	0.7942122186495176	1	247	2241	11	0.0988	8.176255948553054	0.09713641838598128
no_precomputed_effect_242	all_historical_vus_sensitivity	later_benign	25737	311	0.19427283677196255	5000	274	0.8810289389067524	2	274	4670	54	0.0548	4.535008360128617	0.19427283677196255
low_circularity	all_historical_vus_sensitivity	later_pathogenic	25737	146	0.003885456735439251	100	5	0.03424657534246575	5	0	95	0	0.05	8.814041095890412	0.003885456735439251
low_circularity	all_historical_vus_sensitivity	later_pathogenic	25737	146	0.009713641838598127	250	13	0.08904109589041095	13	0	237	0	0.052	9.166602739726027	0.009713641838598127
low_circularity	all_historical_vus_sensitivity	later_pathogenic	25737	146	0.019427283677196254	500	24	0.1643835616438356	24	0	476	0	0.048	8.461479452054794	0.019427283677196254
low_circularity	all_historical_vus_sensitivity	later_pathogenic	25737	146	0.03885456735439251	1000	31	0.21232876712328766	31	0	968	1	0.031	5.464705479452055	0.03885456735439251
low_circularity	all_historical_vus_sensitivity	later_pathogenic	25737	146	0.09713641838598128	2500	58	0.3972602739726027	58	0	2440	2	0.0232	4.089715068493151	0.09713641838598128
low_circularity	all_historical_vus_sensitivity	later_pathogenic	25737	146	0.19427283677196255	5000	94	0.6438356164383562	94	0	4900	6	0.0188	3.314079452054795	0.19427283677196255
low_circularity	all_historical_vus_sensitivity	later_benign	25737	311	0.003885456735439251	100	30	0.09646302250803858	0	30	70	0	0.3	24.82668810289389	0.003885456735439251
low_circularity	all_historical_vus_sensitivity	later_benign	25737	311	0.009713641838598127	250	60	0.19292604501607716	0	60	190	0	0.24	19.86135048231511	0.009713641838598127
low_circularity	all_historical_vus_sensitivity	later_benign	25737	311	0.019427283677196254	500	94	0.3022508038585209	0	94	406	0	0.188	15.558057877813505	0.019427283677196254
low_circularity	all_historical_vus_sensitivity	later_benign	25737	311	0.03885456735439251	1000	145	0.4662379421221865	0	145	854	1	0.145	11.999565916398712	0.03885456735439251
low_circularity	all_historical_vus_sensitivity	later_benign	25737	311	0.09713641838598128	2500	230	0.7395498392282959	2	230	2261	7	0.092	7.6135176848874595	0.09713641838598128
low_circularity	all_historical_vus_sensitivity	later_benign	25737	311	0.19427283677196255	5000	280	0.9003215434083601	3	280	4669	48	0.056	4.634315112540193	0.19427283677196255
static_molecular	all_historical_vus_sensitivity	later_pathogenic	25737	146	0.003885456735439251	100	7	0.04794520547945205	7	0	92	1	0.07	12.339657534246577	0.003885456735439251
static_molecular	all_historical_vus_sensitivity	later_pathogenic	25737	146	0.009713641838598127	250	10	0.0684931506849315	10	0	239	1	0.04	7.051232876712329	0.009713641838598127
static_molecular	all_historical_vus_sensitivity	later_pathogenic	25737	146	0.019427283677196254	500	13	0.08904109589041095	13	0	486	1	0.026	4.583301369863014	0.019427283677196254
static_molecular	all_historical_vus_sensitivity	later_pathogenic	25737	146	0.03885456735439251	1000	29	0.19863013698630136	29	0	970	1	0.029	5.112143835616439	0.03885456735439251
static_molecular	all_historical_vus_sensitivity	later_pathogenic	25737	146	0.09713641838598128	2500	58	0.3972602739726027	58	0	2436	6	0.0232	4.089715068493151	0.09713641838598128
static_molecular	all_historical_vus_sensitivity	later_pathogenic	25737	146	0.19427283677196255	5000	89	0.6095890410958904	89	0	4882	29	0.0178	3.1377986301369862	0.19427283677196255
static_molecular	all_historical_vus_sensitivity	later_benign	25737	311	0.003885456735439251	100	58	0.1864951768488746	0	58	42	0	0.58	47.99826366559485	0.003885456735439251
static_molecular	all_historical_vus_sensitivity	later_benign	25737	311	0.009713641838598127	250	90	0.28938906752411575	0	90	160	0	0.36	29.79202572347267	0.009713641838598127
static_molecular	all_historical_vus_sensitivity	later_benign	25737	311	0.019427283677196254	500	109	0.3504823151125402	0	109	391	0	0.218	18.040726688102893	0.019427283677196254
static_molecular	all_historical_vus_sensitivity	later_benign	25737	311	0.03885456735439251	1000	166	0.5337620578778135	0	166	833	1	0.166	13.737434083601286	0.03885456735439251
static_molecular	all_historical_vus_sensitivity	later_benign	25737	311	0.09713641838598128	2500	227	0.729903536977492	2	227	2267	4	0.0908	7.514210932475884	0.09713641838598128
static_molecular	all_historical_vus_sensitivity	later_benign	25737	311	0.19427283677196255	5000	263	0.8456591639871383	3	263	4725	9	0.0526	4.352945980707395	0.19427283677196255
