model	cohort	review_rows	high_score_rows	low_score_rows	later_pathogenic_found	later_benign_found	any_binary_transition_found	any_binary_transition_recall	observed_resolution_yield_lower_bound	still_vus_in_reviewed	no_unambiguous_current_class_in_reviewed
full_300	in_scope_primary	100	50	50	0	2	2	0.004395604395604396	0.02	98	0
full_300	in_scope_primary	250	125	125	1	6	7	0.015384615384615385	0.028	242	1
full_300	in_scope_primary	500	250	250	6	14	20	0.04395604395604396	0.04	479	1
full_300	in_scope_primary	1000	500	500	16	54	70	0.15384615384615385	0.07	929	1
full_300	in_scope_primary	2500	1250	1250	41	176	217	0.47692307692307695	0.0868	2281	2
full_300	in_scope_primary	5000	2500	2500	57	243	300	0.6593406593406593	0.06	4689	11
no_precomputed_effect_242	in_scope_primary	100	50	50	2	1	3	0.006593406593406593	0.03	97	0
no_precomputed_effect_242	in_scope_primary	250	125	125	7	6	13	0.02857142857142857	0.052	237	0
no_precomputed_effect_242	in_scope_primary	500	250	250	16	26	42	0.09230769230769231	0.084	458	0
no_precomputed_effect_242	in_scope_primary	1000	500	500	25	69	94	0.20659340659340658	0.094	905	1
no_precomputed_effect_242	in_scope_primary	2500	1250	1250	42	173	215	0.4725274725274725	0.086	2282	3
no_precomputed_effect_242	in_scope_primary	5000	2500	2500	64	247	311	0.6835164835164835	0.0622	4677	12
low_circularity	in_scope_primary	100	50	50	3	20	23	0.05054945054945055	0.23	77	0
low_circularity	in_scope_primary	250	125	125	7	38	45	0.0989010989010989	0.18	205	0
low_circularity	in_scope_primary	500	250	250	13	60	73	0.16043956043956045	0.146	427	0
low_circularity	in_scope_primary	1000	500	500	24	94	118	0.25934065934065936	0.118	882	0
low_circularity	in_scope_primary	2500	1250	1250	38	166	204	0.44835164835164837	0.0816	2294	2
low_circularity	in_scope_primary	5000	2500	2500	60	230	290	0.6373626373626373	0.058	4702	8
static_molecular	in_scope_primary	100	50	50	6	28	34	0.07472527472527472	0.34	66	0
static_molecular	in_scope_primary	250	125	125	7	71	78	0.17142857142857143	0.312	171	1
static_molecular	in_scope_primary	500	250	250	10	91	101	0.22197802197802197	0.202	398	1
static_molecular	in_scope_primary	1000	500	500	13	109	122	0.2681318681318681	0.122	877	1
static_molecular	in_scope_primary	2500	1250	1250	34	182	216	0.4747252747252747	0.0864	2282	2
static_molecular	in_scope_primary	5000	2500	2500	60	227	287	0.6307692307692307	0.0574	4703	10
full_300	all_historical_vus_sensitivity	100	50	50	0	2	2	0.00437636761487965	0.02	98	0
full_300	all_historical_vus_sensitivity	250	125	125	1	6	7	0.015317286652078774	0.028	242	1
full_300	all_historical_vus_sensitivity	500	250	250	6	14	20	0.0437636761487965	0.04	479	1
full_300	all_historical_vus_sensitivity	1000	500	500	16	54	70	0.15317286652078774	0.07	929	1
full_300	all_historical_vus_sensitivity	2500	1250	1250	41	176	217	0.474835886214442	0.0868	2281	2
full_300	all_historical_vus_sensitivity	5000	2500	2500	57	243	300	0.6564551422319475	0.06	4687	13
no_precomputed_effect_242	all_historical_vus_sensitivity	100	50	50	2	1	3	0.006564551422319475	0.03	97	0
no_precomputed_effect_242	all_historical_vus_sensitivity	250	125	125	7	6	13	0.028446389496717725	0.052	237	0
no_precomputed_effect_242	all_historical_vus_sensitivity	500	250	250	16	26	42	0.09190371991247265	0.084	458	0
no_precomputed_effect_242	all_historical_vus_sensitivity	1000	500	500	25	69	94	0.20568927789934355	0.094	905	1
no_precomputed_effect_242	all_historical_vus_sensitivity	2500	1250	1250	42	173	215	0.47045951859956237	0.086	2282	3
no_precomputed_effect_242	all_historical_vus_sensitivity	5000	2500	2500	64	247	311	0.6805251641137856	0.0622	4676	13
low_circularity	all_historical_vus_sensitivity	100	50	50	3	20	23	0.05032822757111598	0.23	77	0
low_circularity	all_historical_vus_sensitivity	250	125	125	7	38	45	0.09846827133479212	0.18	205	0
low_circularity	all_historical_vus_sensitivity	500	250	250	13	60	73	0.15973741794310722	0.146	427	0
low_circularity	all_historical_vus_sensitivity	1000	500	500	24	94	118	0.25820568927789933	0.118	882	0
low_circularity	all_historical_vus_sensitivity	2500	1250	1250	38	166	204	0.44638949671772427	0.0816	2294	2
low_circularity	all_historical_vus_sensitivity	5000	2500	2500	60	230	290	0.6345733041575492	0.058	4701	9
static_molecular	all_historical_vus_sensitivity	100	50	50	6	28	34	0.07439824945295405	0.34	66	0
static_molecular	all_historical_vus_sensitivity	250	125	125	7	71	78	0.17067833698030635	0.312	171	1
static_molecular	all_historical_vus_sensitivity	500	250	250	10	91	101	0.2210065645514223	0.202	398	1
static_molecular	all_historical_vus_sensitivity	1000	500	500	13	109	122	0.26695842450765866	0.122	877	1
static_molecular	all_historical_vus_sensitivity	2500	1250	1250	34	182	216	0.4726477024070022	0.0864	2282	2
static_molecular	all_historical_vus_sensitivity	5000	2500	2500	60	227	287	0.6280087527352297	0.0574	4703	10
