plddt_tier	subset	model	rows	pathogenic	benign	auroc	auprc	brier
ge70	validation_all	baseline	6317	1277	5040	0.999831263750606	0.999372024132336	0.0031663446925366
ge70	validation_all	eligibility	6317	1277	5040	0.9998379448359872	0.9994056970602944	0.0029938651534151
ge70	validation_all	ddg	6317	1277	5040	0.9998402754471666	0.9993894749865988	0.003406349627871
ge70	validation_foldx_covered	baseline	416	346	70	0.9959124690338564	0.9991429590715708	0.0214748305343052
ge70	validation_foldx_covered	eligibility	416	346	70	0.9959124690338564	0.9991502754925222	0.020751407577647
ge70	validation_foldx_covered	ddg	416	346	70	0.9953757225433526	0.9990367351552958	0.0226574680527158
ge70	heldout_775_all	baseline	775	436	339	0.9839314226949204	0.9878738264736384	0.0622918520994571
ge70	heldout_775_all	eligibility	775	436	339	0.985480771832968	0.988714982934728	0.0574266481621925
ge70	heldout_775_all	ddg	775	436	339	0.9829774566317556	0.9866573506866844	0.0642686415696241
ge70	heldout_foldx_covered	baseline	382	233	149	0.9774750122418412	0.9850190761859914	0.0791037758228962
ge70	heldout_foldx_covered	eligibility	382	233	149	0.9789152288504192	0.9858253685209876	0.0732580844996731
ge70	heldout_foldx_covered	ddg	382	233	149	0.9766108822766943	0.9841510159898236	0.0801217159375367
ge50	validation_all	baseline	6317	1277	5040	0.999831263750606	0.999372024132336	0.0031663446925366
ge50	validation_all	eligibility	6317	1277	5040	0.9998538706790469	0.9994417832409608	0.0031922080595144
ge50	validation_all	ddg	6317	1277	5040	0.999844781295447	0.9994202057581412	0.0031257156283909
ge50	validation_foldx_covered	baseline	450	367	83	0.996159023013033	0.9990959974892196	0.0203885532745552
ge50	validation_foldx_covered	eligibility	450	367	83	0.995600932339713	0.9989657593344716	0.0209458213374357
ge50	validation_foldx_covered	ddg	450	367	83	0.996159023013033	0.9991091372366884	0.0196873103973265
ge50	heldout_775_all	baseline	775	436	339	0.9839314226949204	0.9878738264736384	0.0622918520994571
ge50	heldout_775_all	eligibility	775	436	339	0.9849530459256852	0.9883868627994024	0.0602364362314819
ge50	heldout_775_all	ddg	775	436	339	0.9848177315904846	0.9886108794280952	0.0590784148598615
ge50	heldout_foldx_covered	baseline	441	264	177	0.9765237116932032	0.9838024241905282	0.0819119863658931
ge50	heldout_foldx_covered	eligibility	441	264	177	0.9779789419619928	0.9845910561596558	0.0785544680532761
ge50	heldout_foldx_covered	ddg	441	264	177	0.9787279575415168	0.9854608565827416	0.0763941163860901
any	validation_all	baseline	6317	1277	5040	0.999831263750606	0.999372024132336	0.0031663446925366
any	validation_all	eligibility	6317	1277	5040	0.9998572112217374	0.9994532984048426	0.0031121326870643
any	validation_all	ddg	6317	1277	5040	0.9998287777653478	0.9993529174469856	0.0032597769704944
any	validation_foldx_covered	baseline	509	380	129	0.9972868217054264	0.9990454267278268	0.0218622825592372
any	validation_foldx_covered	eligibility	509	380	129	0.9968380252957976	0.998897142367531	0.0220593255503732
any	validation_foldx_covered	ddg	509	380	129	0.9966748266013872	0.9988073972913588	0.0223094045504746
any	heldout_775_all	baseline	775	436	339	0.9839314226949204	0.9878738264736384	0.0622918520994571
any	heldout_775_all	eligibility	775	436	339	0.9846012286541636	0.988355057643471	0.0603577775826311
any	heldout_775_all	ddg	775	436	339	0.983684474033179	0.9877377481651792	0.0628937655415352
any	heldout_foldx_covered	baseline	529	270	259	0.9815100815100816	0.9822489964240024	0.0762302501754254
any	heldout_foldx_covered	eligibility	529	270	259	0.9826397826397826	0.983518270638138	0.0733765387009499
any	heldout_foldx_covered	ddg	529	270	259	0.9814957814957814	0.982347007365695	0.0774420074218134
