rows	positives_pathogenic	negatives_benign	auroc	auprc	threshold_0_5_tp	threshold_0_5_fp	threshold_0_5_tn	threshold_0_5_fn	threshold_0_5_sensitivity	threshold_0_5_specificity	threshold_0_5_ppv	threshold_0_5_npv	defer_count	deferral_rate	three_zone_tp	three_zone_fp	three_zone_tn	three_zone_fn	three_zone_sensitivity	three_zone_specificity	three_zone_ppv	three_zone_high_conf_accuracy	ablation	subset
36176	7545	28631	0.9998556042460615	0.9994602676636836	7502	50	28581	43	0.9943008614976806	0.9982536411581852	0.9933792372881356	0.9984977641140302	288	0.00796107916850951	7410	24	28439	15	0.9821073558648111	0.9932939820474311	0.9967715899919289	0.9989132857779759	baseline_current	train
6384	1331	5053	0.9999081115086172	0.9996574753421379	1326	14	5039	5	0.9962434259954921	0.9972293686918662	0.9895522388059701	0.9990087232355274	57	0.008928571428571428	1313	6	5006	2	0.9864763335837716	0.9906985948941223	0.9954510993176648	0.9987355776829461	baseline_current	validation
69	27	42	0.9911816578483245	0.9874755624324587	26	4	38	1	0.9629629629629629	0.9047619047619048	0.8666666666666667	0.9743589743589743	5	0.07246376811594203	25	2	37	0	0.9259259259259259	0.8809523809523809	0.9259259259259259	0.96875	baseline_current	external_hiro
176	96	80	0.9904947916666667	0.9901058138004681	95	5	75	1	0.9895833333333334	0.9375	0.95	0.9868421052631579	15	0.08522727272727272	91	1	68	1	0.9479166666666666	0.85	0.9891304347826086	0.9875776397515528	baseline_current	external_emerge
185	132	53	0.9493281875357348	0.9795196180631909	127	9	44	5	0.9621212121212122	0.8301886792452831	0.9338235294117647	0.8979591836734694	22	0.11891891891891893	123	6	31	3	0.9318181818181818	0.5849056603773585	0.9534883720930233	0.9447852760736196	baseline_current	external_cardioboost
430	255	175	0.9765490196078431	0.9835687380208148	248	18	157	7	0.9725490196078431	0.8971428571428571	0.9323308270676691	0.9573170731707317	42	0.09767441860465116	239	9	136	4	0.9372549019607843	0.7771428571428571	0.9637096774193549	0.9664948453608248	baseline_current	external_all
36176	7545	28631	0.999848158207103	0.9994331706800277	7504	55	28576	41	0.9945659377070908	0.9980790052740037	0.992723905278476	0.9985672851801377	305	0.008431003980539585	7419	24	28415	13	0.983300198807157	0.9924557298033599	0.9967754937525192	0.9989685261074406	no_gene_identity	train
6384	1331	5053	0.9998997850433787	0.9996297892507047	1325	16	5037	6	0.9954921111945906	0.9968335642192757	0.9880686055182699	0.998810232004759	52	0.008145363408521303	1312	6	5012	2	0.98572501878287	0.9918860083118939	0.9954476479514416	0.9987365761212887	no_gene_identity	validation
69	27	42	0.9894179894179894	0.9843220465977836	26	5	37	1	0.9629629629629629	0.8809523809523809	0.8387096774193549	0.9736842105263158	5	0.07246376811594203	25	3	36	0	0.9259259259259259	0.8571428571428571	0.8928571428571429	0.953125	no_gene_identity	external_hiro
176	96	80	0.9912760416666667	0.9909758842134722	95	6	74	1	0.9895833333333334	0.925	0.9405940594059405	0.9866666666666667	15	0.08522727272727272	91	1	68	1	0.9479166666666666	0.85	0.9891304347826086	0.9875776397515528	no_gene_identity	external_emerge
185	132	53	0.9529016580903374	0.9810396624978341	127	9	44	5	0.9621212121212122	0.8301886792452831	0.9338235294117647	0.8979591836734694	23	0.12432432432432433	123	5	31	3	0.9318181818181818	0.5849056603773585	0.9609375	0.9506172839506173	no_gene_identity	external_cardioboost
430	255	175	0.9774229691876751	0.9843647585732539	248	20	155	7	0.9725490196078431	0.8857142857142857	0.9253731343283582	0.9567901234567902	43	0.1	239	9	135	4	0.9372549019607843	0.7714285714285715	0.9637096774193549	0.9664082687338501	no_gene_identity	external_all
36176	7545	28631	0.99926719588862	0.9969307710477157	7494	239	28392	51	0.9932405566600397	0.9916524047361251	0.9690934954092849	0.9982069401961818	944	0.026094648385670056	7045	74	28101	12	0.9337309476474487	0.981488596276763	0.9896052816406798	0.9975590372388737	no_vep_consequence_hgvs	train
6384	1331	5053	0.9994033195535291	0.9976260120300321	1327	43	5010	4	0.9969947407963937	0.9914902038393034	0.9686131386861314	0.9992022337455125	187	0.029291979949874685	1236	9	4951	1	0.9286250939143501	0.9798139718978824	0.9927710843373494	0.9983863159593351	no_vep_consequence_hgvs	validation
69	27	42	0.9885361552028218	0.9801733976925473	27	3	39	0	1.0	0.9285714285714286	0.9	1.0	8	0.11594202898550725	23	1	37	0	0.8518518518518519	0.8809523809523809	0.9583333333333334	0.9836065573770492	no_vep_consequence_hgvs	external_hiro
176	96	80	0.9798177083333334	0.9794138559319486	91	3	77	5	0.9479166666666666	0.9625	0.9680851063829787	0.9390243902439024	31	0.17613636363636365	75	2	66	2	0.78125	0.825	0.974025974025974	0.9724137931034482	no_vep_consequence_hgvs	external_emerge
185	132	53	0.9651229273870784	0.9857171423383755	126	14	39	6	0.9545454545454546	0.7358490566037735	0.9	0.8666666666666667	30	0.16216216216216217	123	6	25	1	0.9318181818181818	0.4716981132075472	0.9534883720930233	0.9548387096774194	no_vep_consequence_hgvs	external_cardioboost
430	255	175	0.9733445378151261	0.9800357393589649	244	20	155	11	0.9568627450980393	0.8857142857142857	0.9242424242424242	0.9337349397590361	69	0.16046511627906976	221	9	128	3	0.8666666666666667	0.7314285714285714	0.9608695652173913	0.9667590027700831	no_vep_consequence_hgvs	external_all
36176	7545	28631	0.9998556042460615	0.9994602676636836	7502	50	28581	43	0.9943008614976806	0.9982536411581852	0.9933792372881356	0.9984977641140302	288	0.00796107916850951	7410	24	28439	15	0.9821073558648111	0.9932939820474311	0.9967715899919289	0.9989132857779759	no_clinvar_metadata	train
6384	1331	5053	0.9999081115086172	0.9996574753421379	1326	14	5039	5	0.9962434259954921	0.9972293686918662	0.9895522388059701	0.9990087232355274	57	0.008928571428571428	1313	6	5006	2	0.9864763335837716	0.9906985948941223	0.9954510993176648	0.9987355776829461	no_clinvar_metadata	validation
69	27	42	0.9911816578483245	0.9874755624324587	26	4	38	1	0.9629629629629629	0.9047619047619048	0.8666666666666667	0.9743589743589743	5	0.07246376811594203	25	2	37	0	0.9259259259259259	0.8809523809523809	0.9259259259259259	0.96875	no_clinvar_metadata	external_hiro
176	96	80	0.9904947916666667	0.9901058138004681	95	5	75	1	0.9895833333333334	0.9375	0.95	0.9868421052631579	15	0.08522727272727272	91	1	68	1	0.9479166666666666	0.85	0.9891304347826086	0.9875776397515528	no_clinvar_metadata	external_emerge
185	132	53	0.9493281875357348	0.9795196180631909	127	9	44	5	0.9621212121212122	0.8301886792452831	0.9338235294117647	0.8979591836734694	22	0.11891891891891893	123	6	31	3	0.9318181818181818	0.5849056603773585	0.9534883720930233	0.9447852760736196	no_clinvar_metadata	external_cardioboost
430	255	175	0.9765490196078431	0.9835687380208148	248	18	157	7	0.9725490196078431	0.8971428571428571	0.9323308270676691	0.9573170731707317	42	0.09767441860465116	239	9	136	4	0.9372549019607843	0.7771428571428571	0.9637096774193549	0.9664948453608248	no_clinvar_metadata	external_all
36176	7545	28631	0.9998682118227498	0.9995239519354154	7508	46	28585	37	0.9950960901259112	0.9983933498655304	0.9939105109875562	0.9987072881000629	278	0.007684652808491818	7425	23	28437	13	0.9840954274353877	0.9932241276937586	0.9969119226638024	0.9989971586160789	no_source_record_aggregates	train
6384	1331	5053	0.9998969599926727	0.9996156871906362	1326	15	5038	5	0.9962434259954921	0.997031466455571	0.9888143176733781	0.9990085266706326	53	0.008302005012531328	1312	6	5011	2	0.98572501878287	0.9916881060755987	0.9954476479514416	0.9987363765597852	no_source_record_aggregates	validation
69	27	42	0.9894179894179894	0.9843220465977836	26	4	38	1	0.9629629629629629	0.9047619047619048	0.8666666666666667	0.9743589743589743	6	0.08695652173913043	25	2	36	0	0.9259259259259259	0.8571428571428571	0.9259259259259259	0.9682539682539683	no_source_record_aggregates	external_hiro
176	96	80	0.99140625	0.9911649382814541	95	6	74	1	0.9895833333333334	0.925	0.9405940594059405	0.9866666666666667	17	0.09659090909090909	91	1	66	1	0.9479166666666666	0.825	0.9891304347826086	0.9874213836477987	no_source_record_aggregates	external_emerge
185	132	53	0.9498999428244713	0.9793180313182868	127	9	44	5	0.9621212121212122	0.8301886792452831	0.9338235294117647	0.8979591836734694	21	0.11351351351351352	123	6	32	3	0.9318181818181818	0.6037735849056604	0.9534883720930233	0.9451219512195121	no_source_record_aggregates	external_cardioboost
430	255	175	0.9766162464985995	0.9832835733312852	248	19	156	7	0.9725490196078431	0.8914285714285715	0.9288389513108615	0.9570552147239264	44	0.10232558139534884	239	9	134	4	0.9372549019607843	0.7657142857142857	0.9637096774193549	0.966321243523316	no_source_record_aggregates	external_all
36176	7545	28631	0.9998610088158371	0.999458744903601	7509	48	28583	36	0.9952286282306163	0.9983234955118577	0.9936482731242556	0.9987420944128027	295	0.008154577620521892	7419	24	28426	12	0.983300198807157	0.9928399287485593	0.9967754937525192	0.9989966834815083	no_hgvs_transcript_identifiers	train
6384	1331	5053	0.9998951757501217	0.9996117794167221	1325	12	5041	6	0.9954921111945906	0.9976251731644568	0.9910246821241586	0.998811174955419	58	0.009085213032581453	1313	5	5006	2	0.9864763335837716	0.9906985948941223	0.996206373292868	0.9988934555801454	no_hgvs_transcript_identifiers	validation
69	27	42	0.9876543209876544	0.9820560941003496	26	4	38	1	0.9629629629629629	0.9047619047619048	0.8666666666666667	0.9743589743589743	6	0.08695652173913043	25	2	36	0	0.9259259259259259	0.8571428571428571	0.9259259259259259	0.9682539682539683	no_hgvs_transcript_identifiers	external_hiro
176	96	80	0.9928385416666667	0.9931969911871287	95	3	77	1	0.9895833333333334	0.9625	0.9693877551020408	0.9871794871794872	17	0.09659090909090909	91	1	66	1	0.9479166666666666	0.825	0.9891304347826086	0.9874213836477987	no_hgvs_transcript_identifiers	external_emerge
185	132	53	0.9521869639794169	0.98136197070859	127	8	45	5	0.9621212121212122	0.8490566037735849	0.9407407407407408	0.9	17	0.0918918918918919	124	6	34	4	0.9393939393939394	0.6415094339622641	0.9538461538461539	0.9404761904761905	no_hgvs_transcript_identifiers	external_cardioboost
430	255	175	0.9778935574229692	0.985064185468358	248	15	160	7	0.9725490196078431	0.9142857142857143	0.9429657794676806	0.9580838323353293	40	0.09302325581395349	240	9	136	5	0.9411764705882353	0.7771428571428571	0.963855421686747	0.9641025641025641	no_hgvs_transcript_identifiers	external_all
36176	7545	28631	0.9979078273886423	0.9909552525587307	7478	447	28184	67	0.9911199469847581	0.9843875519541756	0.943596214511041	0.9976284025344235	1383	0.038229765590446704	6851	69	27839	34	0.9080185553346587	0.9723376759456533	0.9900289017341041	0.9970396344092203	strict_low_leakage	train
6384	1331	5053	0.9986475441462496	0.9927848272534556	1322	83	4970	9	0.9932381667918858	0.9835741143874925	0.9409252669039145	0.9981924081140792	258	0.040413533834586464	1201	10	4913	2	0.9023290758827949	0.9722936869186621	0.9917423616845582	0.9980411361410382	strict_low_leakage	validation
69	27	42	0.9867724867724869	0.974492431211043	27	4	38	0	1.0	0.9047619047619048	0.8709677419354839	1.0	9	0.13043478260869565	24	2	34	0	0.8888888888888888	0.8095238095238095	0.9230769230769231	0.9666666666666667	strict_low_leakage	external_hiro
176	96	80	0.9703125	0.9731979828952417	91	7	73	5	0.9479166666666666	0.9125	0.9285714285714286	0.9358974358974359	33	0.1875	85	2	55	1	0.8854166666666666	0.6875	0.9770114942528736	0.9790209790209791	strict_low_leakage	external_emerge
185	132	53	0.9717695826186392	0.9887013836354492	130	22	31	2	0.9848484848484849	0.5849056603773585	0.8552631578947368	0.9393939393939394	49	0.2648648648648649	121	4	11	0	0.9166666666666666	0.20754716981132076	0.968	0.9705882352941176	strict_low_leakage	external_cardioboost
430	255	175	0.9739607843137256	0.9809718474326753	248	33	142	7	0.9725490196078431	0.8114285714285714	0.8825622775800712	0.9530201342281879	91	0.2116279069767442	230	8	100	1	0.9019607843137255	0.5714285714285714	0.9663865546218487	0.9734513274336283	strict_low_leakage	external_all
