target_recall	heldout_threshold_sensitivity	heldout_threshold_fpr	assumed_pathogenic_prevalence	expected_review_fraction	expected_reviews_per_1000	expected_pathogenic_found_per_1000	transported_ppv	interpretation
0.8	0.8	0.017142857142857144	0.02	0.032799999999999996	32.8	16.0	0.48780487804878053	Algebraic prevalence transport with held-out sensitivity and FPR fixed; case mix and calibration are assumed unchanged.
0.8	0.8	0.017142857142857144	0.05	0.05628571428571429	56.28571428571429	40.0	0.7106598984771574	Algebraic prevalence transport with held-out sensitivity and FPR fixed; case mix and calibration are assumed unchanged.
0.8	0.8	0.017142857142857144	0.1	0.09542857142857145	95.42857142857144	80.0	0.8383233532934132	Algebraic prevalence transport with held-out sensitivity and FPR fixed; case mix and calibration are assumed unchanged.
0.8	0.8	0.017142857142857144	0.2	0.17371428571428574	173.71428571428575	160.0	0.9210526315789475	Algebraic prevalence transport with held-out sensitivity and FPR fixed; case mix and calibration are assumed unchanged.
0.9	0.9019607843137255	0.02857142857142857	0.02	0.046039215686274504	46.0392156862745	18.03921568627451	0.3918228279386713	Algebraic prevalence transport with held-out sensitivity and FPR fixed; case mix and calibration are assumed unchanged.
0.9	0.9019607843137255	0.02857142857142857	0.05	0.07224089635854342	72.24089635854341	45.09803921568628	0.6242729740209384	Algebraic prevalence transport with held-out sensitivity and FPR fixed; case mix and calibration are assumed unchanged.
0.9	0.9019607843137255	0.02857142857142857	0.1	0.11591036414565828	115.91036414565828	90.19607843137256	0.778153697438376	Algebraic prevalence transport with held-out sensitivity and FPR fixed; case mix and calibration are assumed unchanged.
0.9	0.9019607843137255	0.02857142857142857	0.2	0.20324929971988798	203.24929971988797	180.3921568627451	0.8875413450937156	Algebraic prevalence transport with held-out sensitivity and FPR fixed; case mix and calibration are assumed unchanged.
0.95	0.9529411764705882	0.06857142857142857	0.02	0.08625882352941176	86.25882352941176	19.058823529411764	0.22094926350245497	Algebraic prevalence transport with held-out sensitivity and FPR fixed; case mix and calibration are assumed unchanged.
0.95	0.9529411764705882	0.06857142857142857	0.05	0.11278991596638654	112.78991596638654	47.64705882352941	0.42244076888690213	Algebraic prevalence transport with held-out sensitivity and FPR fixed; case mix and calibration are assumed unchanged.
0.95	0.9529411764705882	0.06857142857142857	0.1	0.15700840336134453	157.00840336134453	95.29411764705883	0.6069364161849711	Algebraic prevalence transport with held-out sensitivity and FPR fixed; case mix and calibration are assumed unchanged.
0.95	0.9529411764705882	0.06857142857142857	0.2	0.2454453781512605	245.44537815126048	190.58823529411765	0.7764995891536566	Algebraic prevalence transport with held-out sensitivity and FPR fixed; case mix and calibration are assumed unchanged.
