rows	pathogenic	benign	auroc	auprc	brier	tp	fp	tn	fn	sensitivity	specificity	ppv	npv	deferral_rate_0_1_0_9	high_conf_accuracy_0_1_0_9	subset	stratum_type	stratum	metric_status
2436	335	2101	0.9999318021979583	0.999578017865247	0.0027561183342388286	331.0	6.0	2095.0	4.0	0.9880597014925373	0.997144217039505	0.9821958456973294	0.9980943306336351	0.007389162561576354	0.9995864350703061	validation	gene_group	Arrhythmia	ok
2989	711	2278	0.999928997356232	0.9997894411562102	0.001688939155134053	709.0	4.0	2274.0	2.0	0.9971870604781997	0.9982440737489026	0.9943899018232819	0.9991212653778558	0.008029441284710606	0.9993254637436763	validation	gene_group	Cardiomyopathy	ok
411	204	207	1.0	0.9999999999999999	0.0008384216852390321	204.0	0.0	207.0	0.0	1.0	1.0	1.0	1.0	0.014598540145985401	1.0	validation	gene_group	Metabolic_or_systemic	ok
126	19	107	1.0	0.9999999999999998	0.006501547830195927	19.0	1.0	106.0	0.0	1.0	0.9906542056074766	0.95	1.0	0.023809523809523808	1.0	validation	gene_group	Other_or_panel_artifact	ok
422	62	360	0.998073476702509	0.9874753509515362	0.009522471542761923	61.0	4.0	356.0	1.0	0.9838709677419355	0.9888888888888889	0.9384615384615385	0.9971988795518207	0.0071090047393364926	0.9928400954653938	validation	gene_group	RASopathy_or_phenocopy	ok
904	40	864	0.9990162037037036	0.9754360300938378	0.004137206556505325	40.0	4.0	860.0	0.0	1.0	0.9953703703703703	0.9090909090909091	1.0	0.0022123893805309734	0.9966740576496674	validation	sparse_gene_group	sparse_PLP_lt30	ok
5480	1291	4189	0.9999332470290767	0.9997904188792314	0.00240955802921608	1284.0	11.0	4178.0	7.0	0.994577846630519	0.9973740749582239	0.9915057915057915	0.9983273596176822	0.00948905109489051	0.9994473102431835	validation	sparse_gene_group	well_represented_PLP_ge30	ok
1	1	0														validation	consequence_group	coding_sequence_variant	small_or_single_class
500	492	8	1.0	1.0	0.0001468767459721625	492.0	0.0	8.0	0.0	1.0	1.0	1.0	1.0	0.002	1.0	validation	consequence_group	frameshift	ok
28	23	5	1.0	1.0	0.04525605806516454	23.0	2.0	3.0	0.0	1.0	0.6	0.92	1.0	0.14285714285714285	1.0	validation	consequence_group	inframe_indel	ok
780	391	389	0.9990138002222237	0.9989854047428429	0.011607984398839937	390.0	10.0	379.0	1.0	0.9974424552429667	0.974293059125964	0.975	0.9973684210526316	0.046153846153846156	0.9959677419354839	validation	consequence_group	missense	ok
274	0	274														validation	consequence_group	non_coding_transcript_exon_variant	small_or_single_class
1472	3	1469	1.0	1.0	0.00034827920630582367	3.0	1.0	1468.0	0.0	1.0	0.9993192648059904	0.75	1.0	0.0020380434782608695	1.0	validation	consequence_group	noncoding_or_intronic	ok
1	1	0														validation	consequence_group	protein_altering_variant	small_or_single_class
556	159	397	0.9995881057617667	0.9990367733648188	0.007218871218328076	155.0	1.0	396.0	4.0	0.9748427672955975	0.9974811083123426	0.9935897435897436	0.99	0.01079136690647482	0.9963636363636363	validation	consequence_group	splice	ok
8	8	0														validation	consequence_group	start_lost	small_or_single_class
263	252	11	0.9978354978354979	0.9999049475825206	0.004891173858104383	251.0	1.0	10.0	1.0	0.996031746031746	0.9090909090909091	0.996031746031746	0.9090909090909091	0.0076045627376425855	0.9961685823754789	validation	consequence_group	stop_gained	ok
8	1	7	1.0	1.0	0.008254734358276488	1.0	0.0	7.0	0.0	1.0	1.0	1.0	1.0	0.125	1.0	validation	consequence_group	stop_lost	small_or_single_class
4	0	4														validation	consequence_group	stop_retained_variant	small_or_single_class
2481	0	2481														validation	consequence_group	synonymous	small_or_single_class
8	0	8														validation	consequence_group	upstream_gene_variant	small_or_single_class
964	750	214	0.9985295950155764	0.9995678425214172	0.010488328090522763	747.0	10.0	204.0	3.0	0.996	0.9532710280373832	0.9867899603698811	0.9855072463768116	0.03941908713692946	0.9967602591792657	validation	dbnsfp_coverage_group	dbNSFP_matched	ok
5420	581	4839	0.9999534049758506	0.9996346550909987	0.0012608236988784112	577.0	5.0	4834.0	4.0	0.9931153184165232	0.9989667286629469	0.9914089347079038	0.9991732120711038	0.002952029520295203	0.9994448556624722	validation	dbnsfp_coverage_group	dbNSFP_missing	ok
1731	490	1241	0.9998667960334818	0.9996816318666967	0.0030052304998209513	487.0	3.0	1238.0	3.0	0.9938775510204082	0.9975825946817083	0.9938775510204082	0.9975825946817083	0.006354708261120739	0.9982558139534884	validation	gnomad_status_group	gnomAD_confirmed_absent	ok
462	431	31	0.9986527954494424	0.9999018712879262	0.005842771600469886	430.0	3.0	28.0	1.0	0.9976798143851509	0.9032258064516129	0.9930715935334873	0.9655172413793104	0.02813852813852814	0.9977728285077951	validation	gnomad_status_group	gnomAD_not_joined	ok
4191	410	3781	0.9998961431031925	0.9989869157796805	0.0021577185045520827	407.0	9.0	3772.0	3.0	0.9926829268292683	0.9976196773340387	0.9783653846153846	0.999205298013245	0.0071581961345740875	0.9995193463109829	validation	gnomad_status_group	gnomAD_observed	ok
265	157	108	0.9843713139891483	0.9871894196588118	0.0394242826891376	153.0	9.0	99.0	4.0	0.9745222929936306	0.9166666666666666	0.9444444444444444	0.9611650485436893	0.11320754716981132	0.9787234042553191	external_all	gene_group	Arrhythmia	ok
151	92	59	0.9678518791451731	0.9819173955525824	0.06822321706644918	87.0	6.0	53.0	5.0	0.9456521739130435	0.8983050847457628	0.9354838709677419	0.9137931034482759	0.11258278145695365	0.9552238805970149	external_all	gene_group	Cardiomyopathy	ok
11	4	7	1.0	1.0	0.06622932626966299	4.0	1.0	6.0	0.0	1.0	0.8571428571428571	0.8	1.0	0.2727272727272727	1.0	external_all	gene_group	Metabolic_or_systemic	small_or_single_class
3	2	1	1.0	1.0	0.0007033672604365549	2.0	0.0	1.0	0.0	1.0	1.0	1.0	1.0	0.0	1.0	external_all	gene_group	RASopathy_or_phenocopy	small_or_single_class
24	10	14	1.0	1.0	0.029730089597664867	10.0	0.0	14.0	0.0	1.0	1.0	1.0	1.0	0.25	1.0	external_all	sparse_gene_group	sparse_PLP_lt30	ok
406	245	161	0.9773989098745087	0.985005005108687	0.05114840204448013	236.0	16.0	145.0	9.0	0.963265306122449	0.9006211180124224	0.9365079365079365	0.9415584415584416	0.10837438423645321	0.9696132596685083	external_all	sparse_gene_group	well_represented_PLP_ge30	ok
1	1	0														external_all	consequence_group	coding_sequence_variant	small_or_single_class
29	29	0														external_all	consequence_group	frameshift	small_or_single_class
3	2	1	1.0	1.0	0.10554968798743153	2.0	1.0	0.0	0.0	1.0	0.0	0.6666666666666666		0.3333333333333333	1.0	external_all	consequence_group	inframe_indel	small_or_single_class
6	3	3	0.5	0.6	0.4956184276526649	0.0	0.0	3.0	3.0	0.0	1.0		0.5	0.0	0.5	external_all	consequence_group	intergenic_variant	small_or_single_class
315	173	142	0.9879101196776032	0.9895457292067193	0.04440206990022015	169.0	12.0	130.0	4.0	0.976878612716763	0.9154929577464789	0.9337016574585635	0.9701492537313433	0.13968253968253969	0.977859778597786	external_all	consequence_group	missense	ok
9	1	8	0.875	0.5	0.12582535939148892	0.0	1.0	7.0	1.0	0.0	0.875	0.0	0.875	0.2222222222222222	1.0	external_all	consequence_group	noncoding_or_intronic	small_or_single_class
19	14	5	0.9714285714285715	0.9901360544217687	0.05262792470226132	14.0	1.0	4.0	0.0	1.0	0.8	0.9333333333333333	1.0	0.0	0.9473684210526315	external_all	consequence_group	splice	small_or_single_class
32	30	2	0.8833333333333333	0.9916237660772329	0.038677356442696535	30.0	1.0	1.0	0.0	1.0	0.5	0.967741935483871	1.0	0.03125	0.967741935483871	external_all	consequence_group	stop_gained	ok
1	1	0														external_all	consequence_group	stop_lost	small_or_single_class
14	1	13	1.0	1.0	0.009553608449076495	1.0	0.0	13.0	0.0	1.0	1.0	1.0	1.0	0.07142857142857142	1.0	external_all	consequence_group	synonymous	small_or_single_class
1	0	1														external_all	consequence_group	upstream_gene_variant	small_or_single_class
348	214	134	0.9845166689914912	0.988668016887954	0.0383664085205849	210.0	11.0	123.0	4.0	0.9813084112149533	0.917910447761194	0.9502262443438914	0.968503937007874	0.1206896551724138	0.9803921568627451	external_all	dbnsfp_coverage_group	dbNSFP_matched	ok
82	41	41	0.953896490184414	0.9652187609804563	0.09912516116145548	36.0	5.0	36.0	5.0	0.8780487804878049	0.8780487804878049	0.8780487804878049	0.8780487804878049	0.0975609756097561	0.9324324324324325	external_all	dbnsfp_coverage_group	dbNSFP_missing	ok
32	13	19	0.8036437246963563	0.8507326007326006	0.2220843398482213	9.0	4.0	15.0	4.0	0.6923076923076923	0.7894736842105263	0.6923076923076923	0.7894736842105263	0.125	0.8214285714285714	external_all	gnomad_status_group	gnomAD_confirmed_absent	ok
72	67	5	0.9970149253731344	0.9997805092186132	0.01109776798917226	66.0	0.0	5.0	1.0	0.9850746268656716	1.0	1.0	0.8333333333333334	0.041666666666666664	1.0	external_all	gnomad_status_group	gnomAD_not_joined	ok
326	175	151	0.9838789025543992	0.9832355805592482	0.0416381448160718	171.0	12.0	139.0	4.0	0.9771428571428571	0.9205298013245033	0.9344262295081968	0.972027972027972	0.13190184049079753	0.9787985865724381	external_all	gnomad_status_group	gnomAD_observed	ok
26	13	13	0.9763313609467456	0.9774161735700198	0.06510234179026894	13.0	2.0	11.0	0.0	1.0	0.8461538461538461	0.8666666666666667	1.0	0.07692307692307693	0.9583333333333334	external_hiro	gene_group	Arrhythmia	ok
42	13	29	0.9920424403183024	0.9855769230769229	0.0611196572049885	12.0	2.0	27.0	1.0	0.9230769230769231	0.9310344827586207	0.8571428571428571	0.9642857142857143	0.07142857142857142	0.9743589743589743	external_hiro	gene_group	Cardiomyopathy	ok
1	1	0														external_hiro	gene_group	RASopathy_or_phenocopy	small_or_single_class
5	1	4	1.0	1.0	0.03804210953540313	1.0	0.0	4.0	0.0	1.0	1.0	1.0	1.0	0.2	1.0	external_hiro	sparse_gene_group	sparse_PLP_lt30	small_or_single_class
64	26	38	0.9878542510121457	0.9830052368920434	0.06358629058311722	25.0	4.0	34.0	1.0	0.9615384615384616	0.8947368421052632	0.8620689655172413	0.9714285714285714	0.0625	0.9666666666666667	external_hiro	sparse_gene_group	well_represented_PLP_ge30	ok
1	1	0														external_hiro	consequence_group	coding_sequence_variant	small_or_single_class
2	2	0														external_hiro	consequence_group	frameshift	small_or_single_class
40	14	26	0.9835164835164835	0.9708460307199802	0.0691419334663283	14.0	3.0	23.0	0.0	1.0	0.8846153846153846	0.8235294117647058	1.0	0.075	0.9459459459459459	external_hiro	consequence_group	missense	ok
1	0	1														external_hiro	consequence_group	noncoding_or_intronic	small_or_single_class
5	3	2	1.0	1.0	0.00044877190574538206	3.0	0.0	2.0	0.0	1.0	1.0	1.0	1.0	0.0	1.0	external_hiro	consequence_group	splice	small_or_single_class
7	7	0														external_hiro	consequence_group	stop_gained	small_or_single_class
13	0	13														external_hiro	consequence_group	synonymous	small_or_single_class
46	24	22	1.0	0.9999999999999998	0.0027773733581194105	24.0	0.0	22.0	0.0	1.0	1.0	1.0	1.0	0.021739130434782608	1.0	external_hiro	dbnsfp_coverage_group	dbNSFP_matched	ok
23	3	20	0.9166666666666666	0.7916666666666666	0.1796510421966533	2.0	4.0	16.0	1.0	0.6666666666666666	0.8	0.3333333333333333	0.9411764705882353	0.17391304347826086	0.8947368421052632	external_hiro	dbnsfp_coverage_group	dbNSFP_missing	ok
10	3	7	0.7619047619047619	0.7916666666666666	0.41319421658334254	2.0	4.0	3.0	1.0	0.6666666666666666	0.42857142857142855	0.3333333333333333	0.75	0.4	0.6666666666666666	external_hiro	gnomad_status_group	gnomAD_confirmed_absent	small_or_single_class
6	3	3	1.0	1.0	5.509142101702238e-06	3.0	0.0	3.0	0.0	1.0	1.0	1.0	1.0	0.0	1.0	external_hiro	gnomad_status_group	gnomAD_not_joined	small_or_single_class
53	21	32	1.0	1.0000000000000002	0.002410526873782679	21.0	0.0	32.0	0.0	1.0	1.0	1.0	1.0	0.018867924528301886	1.0	external_hiro	gnomad_status_group	gnomAD_observed	ok
167	88	79	0.9892117376294591	0.9881411068039264	0.029560219474510516	86.0	4.0	75.0	2.0	0.9772727272727273	0.9493670886075949	0.9555555555555556	0.974025974025974	0.11377245508982035	0.9864864864864865	external_emerge	gene_group	Arrhythmia	ok
9	8	1	1.0	1.0	0.014883144459278859	8.0	0.0	1.0	0.0	1.0	1.0	1.0	1.0	0.1111111111111111	1.0	external_emerge	gene_group	Cardiomyopathy	small_or_single_class
7	2	5	1.0	1.0	0.04032159325607359	2.0	0.0	5.0	0.0	1.0	1.0	1.0	1.0	0.42857142857142855	1.0	external_emerge	sparse_gene_group	sparse_PLP_lt30	small_or_single_class
169	94	75	0.9890780141843971	0.9891929085849315	0.028332862719433433	92.0	4.0	71.0	2.0	0.9787234042553191	0.9466666666666667	0.9583333333333334	0.9726027397260274	0.10059171597633136	0.9868421052631579	external_emerge	sparse_gene_group	well_represented_PLP_ge30	ok
26	26	0														external_emerge	consequence_group	frameshift	small_or_single_class
2	1	1	1.0	1.0	0.15825702630616106	1.0	1.0	0.0	0.0	1.0	0.0	0.5		0.5	1.0	external_emerge	consequence_group	inframe_indel	small_or_single_class
115	38	77	0.9938482570061516	0.990853201379517	0.026434799031465485	37.0	2.0	75.0	1.0	0.9736842105263158	0.974025974025974	0.9487179487179487	0.9868421052631579	0.1391304347826087	0.98989898989899	external_emerge	consequence_group	missense	ok
1	1	0														external_emerge	consequence_group	noncoding_or_intronic	small_or_single_class
11	10	1	0.9	0.9909090909090909	0.09069047377932923	10.0	1.0	0.0	0.0	1.0	0.0	0.9090909090909091		0.0	0.9090909090909091	external_emerge	consequence_group	splice	small_or_single_class
20	19	1	1.0	0.9999999999999998	0.012179679712008541	19.0	0.0	1.0	0.0	1.0	1.0	1.0	1.0	0.05	1.0	external_emerge	consequence_group	stop_gained	ok
1	1	0														external_emerge	consequence_group	synonymous	small_or_single_class
135	63	72	0.9889770723104057	0.9855150549436492	0.02999257901498539	62.0	3.0	69.0	1.0	0.9841269841269841	0.9583333333333334	0.9538461538461539	0.9857142857142858	0.11851851851851852	0.9831932773109243	external_emerge	dbnsfp_coverage_group	dbNSFP_matched	ok
41	33	8	0.9924242424242424	0.9982683982683981	0.02491479964277409	32.0	1.0	7.0	1.0	0.9696969696969697	0.875	0.9696969696969697	0.875	0.0975609756097561	1.0	external_emerge	dbnsfp_coverage_group	dbNSFP_missing	ok
5	5	0														external_emerge	gnomad_status_group	gnomAD_confirmed_absent	small_or_single_class
30	28	2	1.0	1.0	0.007749879604260336	28.0	0.0	2.0	0.0	1.0	1.0	1.0	1.0	0.03333333333333333	1.0	external_emerge	gnomad_status_group	gnomAD_not_joined	ok
141	63	78	0.9871794871794871	0.981057694862562	0.03431210310310604	61.0	4.0	74.0	2.0	0.9682539682539683	0.9487179487179487	0.9384615384615385	0.9736842105263158	0.1347517730496454	0.9836065573770492	external_emerge	gnomad_status_group	gnomAD_observed	ok
72	56	16	0.9575892857142857	0.9863115876839439	0.053030796858766875	54.0	3.0	13.0	2.0	0.9642857142857143	0.8125	0.9473684210526315	0.8666666666666667	0.125	0.9682539682539683	external_cardioboost	gene_group	Arrhythmia	ok
100	71	29	0.9414764448761535	0.9794253530447774	0.07600731874290799	67.0	4.0	25.0	4.0	0.9436619718309859	0.8620689655172413	0.9436619718309859	0.8620689655172413	0.13	0.9425287356321839	external_cardioboost	gene_group	Cardiomyopathy	ok
11	4	7	1.0	1.0	0.06622932626966299	4.0	1.0	6.0	0.0	1.0	0.8571428571428571	0.8	1.0	0.2727272727272727	1.0	external_cardioboost	gene_group	Metabolic_or_systemic	small_or_single_class
2	1	1	1.0	1.0	0.00103172297065041	1.0	0.0	1.0	0.0	1.0	1.0	1.0	1.0	0.0	1.0	external_cardioboost	gene_group	RASopathy_or_phenocopy	small_or_single_class
12	7	5	1.0	0.9999999999999998	0.020088370822868833	7.0	0.0	5.0	0.0	1.0	1.0	1.0	1.0	0.16666666666666666	1.0	external_cardioboost	sparse_gene_group	sparse_PLP_lt30	small_or_single_class
173	125	48	0.9530833333333333	0.9827676548877732	0.0688351146425155	119.0	8.0	40.0	6.0	0.952	0.8333333333333334	0.937007874015748	0.8695652173913043	0.1329479768786127	0.9533333333333334	external_cardioboost	sparse_gene_group	well_represented_PLP_ge30	ok
1	1	0														external_cardioboost	consequence_group	frameshift	small_or_single_class
1	1	0														external_cardioboost	consequence_group	inframe_indel	small_or_single_class
6	3	3	0.5	0.6	0.4956184276526649	0.0	0.0	3.0	3.0	0.0	1.0		0.5	0.0	0.5	external_cardioboost	consequence_group	intergenic_variant	small_or_single_class
160	121	39	0.9743589743589745	0.9908549052161649	0.05113107994561054	118.0	7.0	32.0	3.0	0.9752066115702479	0.8205128205128205	0.944	0.9142857142857143	0.15625	0.9777777777777777	external_cardioboost	consequence_group	missense	ok
7	0	7														external_cardioboost	consequence_group	noncoding_or_intronic	small_or_single_class
3	1	2	1.0	1.0	3.04994138721995e-05	1.0	0.0	2.0	0.0	1.0	1.0	1.0	1.0	0.0	1.0	external_cardioboost	consequence_group	splice	small_or_single_class
5	4	1	1.0	1.0	0.19874428033761354	4.0	1.0	0.0	0.0	1.0	0.0	0.8		0.0	0.8	external_cardioboost	consequence_group	stop_gained	small_or_single_class
1	1	0														external_cardioboost	consequence_group	stop_lost	small_or_single_class
1	0	1														external_cardioboost	consequence_group	upstream_gene_variant	small_or_single_class
167	127	40	0.9683070866141732	0.9889220773748763	0.05493863966267679	124.0	8.0	32.0	3.0	0.9763779527559056	0.8	0.9393939393939394	0.9142857142857143	0.1497005988023952	0.971830985915493	external_cardioboost	dbnsfp_coverage_group	dbNSFP_matched	ok
18	5	13	0.5615384615384615	0.6000000000000001	0.16526569218681028	2.0	0.0	13.0	3.0	0.4	1.0	1.0	0.8125	0.0	0.8333333333333334	external_cardioboost	dbnsfp_coverage_group	dbNSFP_missing	small_or_single_class
17	5	12	0.575	0.6142857142857143	0.17498556956462658	2.0	0.0	12.0	3.0	0.4	1.0	1.0	0.8	0.0	0.8235294117647058	external_cardioboost	gnomad_status_group	gnomAD_confirmed_absent	small_or_single_class
36	36	0														external_cardioboost	gnomad_status_group	gnomAD_not_joined	small_or_single_class
132	91	41	0.9656928437416242	0.98239623315232	0.06521417233478011	89.0	8.0	33.0	2.0	0.978021978021978	0.8048780487804879	0.9175257731958762	0.9428571428571428	0.17424242424242425	0.963302752293578	external_cardioboost	gnomad_status_group	gnomAD_observed	ok
