benchmark	model	rows_scored	pathogenic	benign	AUROC	AUPRC	TP_high_conf	FP_high_conf	TN_high_conf	FN_hard	P_to_defer	B_to_defer	pred_pathogenic	pred_benign	deferred	deferral_rate	high_conf_classified_rate	sensitivity	specificity	PPV	NPV	high_conf_accuracy	overall_threshold_accuracy	MCC_at_0_5
hgvs_cdot_primary_all	Our CatBoost	2462	2185	277	0.9963023238523243	0.9994985778314618	2154	10	176	0	31	91	2164	176	122	0.04955320877335499	0.950446791226645	0.9858123569794051	0.6353790613718412	0.9953789279112755	1.0	0.9957264957264957	0.9463850528025995	0.9314548712907493
hgvs_cdot_primary_all	Official CardioBoost	2462	2185	277	0.8236978413700238	0.9643324117828158	1947	98	32	5	233	147	2045	37	380	0.15434606011372867	0.8456539398862714	0.8910755148741418	0.11552346570397112	0.952078239608802	0.8648648648648649	0.9505283381364072	0.8038180341186028	0.40584609001299965
hgvs_cdot_primary_all	REVEL local	2382	2156	226	0.9474054706355591	0.9922809870073284	1114	7	31	0	1042	188	1121	31	1230	0.5163727959697733	0.4836272040302267	0.5166975881261595	0.13716814159292035	0.9937555753791257	1.0	0.9939236111111112	0.480688497061293	0.7036548615141148
hgvs_cdot_primary_all	REVEL CardioBoost-file	2462	2185	277	0.9028195193681897	0.9811493839673227	1123	17	31	0	1062	229	1140	31	1291	0.5243704305442729	0.47562956945572704	0.5139588100686499	0.11191335740072202	0.9850877192982456	1.0	0.9854824935952178	0.4687246141348497	0.6534341069584089
hgvs_cdot_primary_all	CADD PHRED	2412	2185	227	0.8818980030040625	0.9817670417710358	2185	212	7	0	0	8	2397	7	8	0.003316749585406302	0.9966832504145937	1.0	0.030837004405286344	0.9115561118064247	1.0	0.9118136439267887	0.9087893864013267	0.24542816741698173
hgvs_cdot_primary_all	AlphaMissense best	2387	2161	226	0.9349571855049083	0.9921405654715773	1288	6	94	26	847	126	1294	120	973	0.40762463343108507	0.592375366568915	0.5960203609440075	0.415929203539823	0.9953632148377125	0.7833333333333333	0.9773691654879774	0.578969417679095	0.4858577011041134
hgvs_cdot_primary_all	M-CAP CardioBoost-file	2462	2185	277	0.8538913993506763	0.9746156431140394	2165	273	0	0	20	4	2438	0	24	0.00974817221770918	0.9902518277822908	0.9908466819221968	0.0	0.8880229696472518		0.8880229696472518	0.879366368805849	0.017004423068529242
hgvs_cdot_primary_validation	Our CatBoost	315	286	29	0.9997588618278274	0.9999757187257188	285	0	20	0	1	9	285	20	10	0.031746031746031744	0.9682539682539683	0.9965034965034965	0.6896551724137931	1.0	1.0	1.0	0.9682539682539683	0.9220511694566164
hgvs_cdot_primary_validation	Official CardioBoost	315	286	29	0.8085362912949119	0.9681855106045616	254	9	2	1	31	18	263	3	49	0.15555555555555556	0.8444444444444444	0.8881118881118881	0.06896551724137931	0.9657794676806084	0.6666666666666666	0.9624060150375939	0.8126984126984127	0.4892767593384524
hgvs_cdot_primary_validation	REVEL local	303	281	22	0.9919928825622776	0.9993761393647871	141	0	7	0	140	15	141	7	155	0.5115511551155115	0.4884488448844885	0.501779359430605	0.3181818181818182	1.0	1.0	1.0	0.4884488448844885	0.76563571614442
hgvs_cdot_primary_validation	REVEL CardioBoost-file	315	286	29	0.8708102242585001	0.9745623834672037	143	4	7	0	143	18	147	7	161	0.5111111111111111	0.4888888888888889	0.5	0.2413793103448276	0.9727891156462585	1.0	0.974025974025974	0.47619047619047616	0.637698326288527
hgvs_cdot_primary_validation	CADD PHRED	308	286	22	0.9132231404958676	0.9913087616762707	286	18	2	0	0	2	304	2	2	0.006493506493506494	0.9935064935064936	1.0	0.09090909090909091	0.9407894736842105	1.0	0.9411764705882353	0.935064935064935	0.4135850959342555
hgvs_cdot_primary_validation	AlphaMissense best	305	283	22	0.9413748795374237	0.9948588975470383	155	0	12	2	126	10	155	14	136	0.4459016393442623	0.5540983606557377	0.5477031802120141	0.5454545454545454	1.0	0.8571428571428571	0.9881656804733728	0.5475409836065573	0.40794384006116396
hgvs_cdot_primary_validation	M-CAP CardioBoost-file	315	286	29	0.8725584760067518	0.9842027348115792	281	29	0	0	5	0	310	0	5	0.015873015873015872	0.9841269841269841	0.9825174825174825	0.0	0.9064516129032258		0.9064516129032258	0.8920634920634921	-0.04044083719312284
hgvs_cdot_primary_external_all	Our CatBoost	250	169	81	0.9802761341222879	0.9896161408194271	162	6	44	0	7	31	168	44	38	0.152	0.848	0.9585798816568047	0.5432098765432098	0.9642857142857143	1.0	0.9716981132075472	0.824	0.8617202805555967
hgvs_cdot_primary_external_all	Official CardioBoost	250	169	81	0.842574329753817	0.9021749900844075	148	29	12	0	21	40	177	12	61	0.244	0.756	0.8757396449704142	0.14814814814814814	0.8361581920903954	1.0	0.8465608465608465	0.64	0.43611337117469556
hgvs_cdot_primary_external_all	REVEL local	247	166	81	0.9029451137884873	0.939624935511209	88	6	3	0	78	72	94	3	150	0.6072874493927125	0.39271255060728744	0.5301204819277109	0.037037037037037035	0.9361702127659575	1.0	0.9381443298969072	0.3684210526315789	0.6408217275414174
hgvs_cdot_primary_external_all	REVEL CardioBoost-file	250	169	81	0.8955730878807803	0.9219832648228318	92	6	3	0	77	72	98	3	149	0.596	0.404	0.5443786982248521	0.037037037037037035	0.9387755102040817	1.0	0.9405940594059405	0.38	0.663959419045039
hgvs_cdot_primary_external_all	CADD PHRED	250	169	81	0.8718679231499745	0.9138103295401534	169	75	1	0	0	5	244	1	5	0.02	0.98	1.0	0.012345679012345678	0.6926229508196722	1.0	0.6938775510204082	0.68	0.22650696184537059
hgvs_cdot_primary_external_all	AlphaMissense best	248	167	81	0.9370148591705479	0.9690922384589622	106	1	37	4	57	43	107	41	100	0.4032258064516129	0.5967741935483871	0.6347305389221557	0.4567901234567901	0.9906542056074766	0.9024390243902439	0.9662162162162162	0.5766129032258065	0.6857519665169537
hgvs_cdot_primary_external_all	M-CAP CardioBoost-file	250	169	81	0.8132076850025568	0.8672801903099393	167	78	0	0	2	3	245	0	5	0.02	0.98	0.9881656804733728	0.0	0.6816326530612244		0.6816326530612244	0.668	0.08424908424908426
hgvs_cdot_primary_external_cardioboost	Our CatBoost	164	123	41	0.9724370414435851	0.9896796789150246	119	6	15	0	4	20	125	15	24	0.14634146341463414	0.8536585365853658	0.967479674796748	0.36585365853658536	0.952	1.0	0.9571428571428572	0.8170731707317073	0.7990761108236456
hgvs_cdot_primary_external_cardioboost	Official CardioBoost	164	123	41	0.7884195915129882	0.9051530967492765	107	20	3	0	16	18	127	3	34	0.2073170731707317	0.7926829268292683	0.8699186991869918	0.07317073170731707	0.84251968503937	1.0	0.8461538461538461	0.6707317073170732	0.22524154283911543
hgvs_cdot_primary_external_cardioboost	REVEL local	161	120	41	0.8797764227642277	0.943919888913704	58	4	2	0	62	35	62	2	97	0.6024844720496895	0.39751552795031053	0.48333333333333334	0.04878048780487805	0.9354838709677419	1.0	0.9375	0.37267080745341613	0.6345157082346952
hgvs_cdot_primary_external_cardioboost	REVEL CardioBoost-file	164	123	41	0.8788419591512988	0.9449526694861705	60	4	2	0	63	35	64	2	98	0.5975609756097561	0.4024390243902439	0.4878048780487805	0.04878048780487805	0.9375	1.0	0.9393939393939394	0.3780487804878049	0.6362090102803517
hgvs_cdot_primary_external_cardioboost	CADD PHRED	164	123	41	0.8103311520920088	0.9032268794701312	123	39	1	0	0	1	162	1	1	0.006097560975609756	0.9939024390243902	1.0	0.024390243902439025	0.7592592592592593	1.0	0.7607361963190185	0.7560975609756098	0.19245008972987526
hgvs_cdot_primary_external_cardioboost	AlphaMissense best	162	121	41	0.9058657528724048	0.9656064750080503	78	1	10	2	41	30	79	12	71	0.4382716049382716	0.5617283950617284	0.6446280991735537	0.24390243902439024	0.9873417721518988	0.8333333333333334	0.967032967032967	0.5432098765432098	0.5822753193037363
hgvs_cdot_primary_external_cardioboost	M-CAP CardioBoost-file	164	123	41	0.7808843942097958	0.8832593347558996	121	38	0	0	2	3	159	0	5	0.03048780487804878	0.9695121951219512	0.983739837398374	0.0	0.7610062893081762		0.7610062893081762	0.7378048780487805	0.14333552726125529
hgvs_cdot_plus_pdot_fallback_all	Our CatBoost	2477	2197	280	0.9962676376877561	0.9994904315372379	2166	10	178	0	31	92	2176	178	123	0.04965684295518773	0.9503431570448123	0.9858898497951752	0.6357142857142857	0.9954044117647058	1.0	0.9957519116397621	0.9463060153411385	0.9300611299547906
hgvs_cdot_plus_pdot_fallback_all	Official CardioBoost	2477	2197	280	0.8257185122569737	0.964534212944177	1959	98	32	5	233	150	2057	37	383	0.1546225272507065	0.8453774727492935	0.891670459717797	0.11428571428571428	0.9523578026251823	0.8648648648648649	0.9508118433619867	0.8037949132014534	0.41027078241812553
hgvs_cdot_plus_pdot_fallback_all	REVEL local	2387	2159	228	0.9473613108732926	0.9922322782248824	1114	7	31	0	1045	190	1121	31	1235	0.5173858399664851	0.48261416003351487	0.5159796201945345	0.13596491228070176	0.9937555753791257	1.0	0.9939236111111112	0.4796816087138668	0.703045729004507
hgvs_cdot_plus_pdot_fallback_all	REVEL CardioBoost-file	2477	2197	280	0.9035893100981859	0.9812528126247047	1130	17	31	0	1067	232	1147	31	1299	0.5244247073072265	0.47557529269277354	0.5143377332726445	0.11071428571428571	0.985178727114211	1.0	0.9855687606112055	0.46871215179652803	0.6545856924467875
hgvs_cdot_plus_pdot_fallback_all	CADD PHRED	2417	2188	229	0.8801421808514884	0.9814154787746661	2188	214	7	0	0	8	2402	7	8	0.0033098882912701694	0.9966901117087298	1.0	0.03056768558951965	0.9109075770191507	1.0	0.9111664591116646	0.9081505999172528	0.24426713896045638
hgvs_cdot_plus_pdot_fallback_all	AlphaMissense best	2392	2164	228	0.9341902584557512	0.992002768541641	1291	6	94	26	847	128	1297	120	975	0.4076086956521739	0.592391304347826	0.5965804066543438	0.41228070175438597	0.9953739398612182	0.7833333333333333	0.9774170783345095	0.5790133779264214	0.4852604639621543
hgvs_cdot_plus_pdot_fallback_all	M-CAP CardioBoost-file	2477	2197	280	0.8551880811496195	0.9746929666076178	2177	276	0	0	20	4	2453	0	24	0.009689140088817117	0.9903108599111828	0.9908966772872099	0.0	0.8874847125968203		0.8874847125968203	0.878885748889786	0.016752123792442328
hgvs_cdot_plus_pdot_fallback_external_all	Our CatBoost	253	170	83	0.9807937632884478	0.9896861539117647	163	6	46	0	7	31	169	46	38	0.15019762845849802	0.849802371541502	0.9588235294117647	0.5542168674698795	0.9644970414201184	1.0	0.9720930232558139	0.8260869565217391	0.864334582636225
hgvs_cdot_plus_pdot_fallback_external_all	Official CardioBoost	253	170	83	0.8453579021970233	0.9020426887941095	149	29	12	0	21	42	178	12	63	0.2490118577075099	0.7509881422924901	0.8764705882352941	0.14457831325301204	0.8370786516853933	1.0	0.8473684210526315	0.6363636363636364	0.4401352223430118
hgvs_cdot_plus_pdot_fallback_external_all	REVEL local	250	167	83	0.9037587475651108	0.9391861325926922	88	6	3	0	79	74	94	3	153	0.612	0.388	0.5269461077844312	0.03614457831325301	0.9361702127659575	1.0	0.9381443298969072	0.364	0.6387630210739221
hgvs_cdot_plus_pdot_fallback_external_all	REVEL CardioBoost-file	253	170	83	0.8966335931963147	0.9216686693196967	92	6	3	0	78	74	98	3	152	0.6007905138339921	0.39920948616600793	0.5411764705882353	0.03614457831325301	0.9387755102040817	1.0	0.9405940594059405	0.37549407114624506	0.6616471469431043
hgvs_cdot_plus_pdot_fallback_external_all	CADD PHRED	253	170	83	0.8694897236002834	0.9114194103695968	170	77	1	0	0	5	247	1	5	0.019762845849802372	0.9802371541501976	1.0	0.012048192771084338	0.6882591093117408	1.0	0.6895161290322581	0.6758893280632411	0.22305530828172634
hgvs_cdot_plus_pdot_fallback_external_all	AlphaMissense best	251	168	83	0.9352409638554217	0.9678580481962036	107	1	37	4	57	45	108	41	102	0.4063745019920319	0.5936254980079682	0.6369047619047619	0.4457831325301205	0.9907407407407407	0.9024390243902439	0.9664429530201343	0.5737051792828686	0.6803361535500231
hgvs_cdot_plus_pdot_fallback_external_all	M-CAP CardioBoost-file	253	170	83	0.8175761871013465	0.8678898436896356	168	80	0	0	2	3	248	0	5	0.019762845849802372	0.9802371541501976	0.9882352941176471	0.0	0.6774193548387096		0.6774193548387096	0.6640316205533597	0.08224018774802463
hgvs_cdot_plus_pdot_fallback_external_cardioboost	Our CatBoost	165	124	41	0.9724626278520849	0.9897525582287959	120	6	15	0	4	20	126	15	24	0.14545454545454545	0.8545454545454545	0.967741935483871	0.36585365853658536	0.9523809523809523	1.0	0.9574468085106383	0.8181818181818182	0.7994146166708306
hgvs_cdot_plus_pdot_fallback_external_cardioboost	Official CardioBoost	165	124	41	0.7873721479150276	0.9051761332591466	108	20	3	0	16	18	128	3	34	0.20606060606060606	0.793939393939394	0.8709677419354839	0.07317073170731707	0.84375	1.0	0.8473282442748091	0.6727272727272727	0.22561274638118672
hgvs_cdot_plus_pdot_fallback_external_cardioboost	REVEL local	162	121	41	0.8793590002015723	0.9439851441747973	58	4	2	0	63	35	62	2	98	0.6049382716049383	0.3950617283950617	0.4793388429752066	0.04878048780487805	0.9354838709677419	1.0	0.9375	0.37037037037037035	0.6350889178187307
hgvs_cdot_plus_pdot_fallback_external_cardioboost	REVEL CardioBoost-file	165	124	41	0.8788355625491739	0.9451841146702954	60	4	2	0	64	35	64	2	99	0.6	0.4	0.4838709677419355	0.04878048780487805	0.9375	1.0	0.9393939393939394	0.37575757575757573	0.6367562936023833
hgvs_cdot_plus_pdot_fallback_external_cardioboost	CADD PHRED	165	124	41	0.810483870967742	0.9037508369149878	124	39	1	0	0	1	163	1	1	0.006060606060606061	0.9939393939393939	1.0	0.024390243902439025	0.7607361963190185	1.0	0.7621951219512195	0.7575757575757576	0.1926371790368339
hgvs_cdot_plus_pdot_fallback_external_cardioboost	AlphaMissense best	163	122	41	0.906437425029988	0.9660236440500035	79	1	10	2	41	30	80	12	71	0.43558282208588955	0.5644171779141104	0.6475409836065574	0.24390243902439024	0.9875	0.8333333333333334	0.967391304347826	0.5460122699386503	0.5832996848345384
hgvs_cdot_plus_pdot_fallback_external_cardioboost	M-CAP CardioBoost-file	165	124	41	0.7814712824547599	0.884067328284692	122	38	0	0	2	3	160	0	5	0.030303030303030304	0.9696969696969697	0.9838709677419355	0.0	0.7625		0.7625	0.7393939393939394	0.143797135056141
