cohort	score_decile	queue_position	rows	score_min	score_max	later_pathogenic	later_benign	still_vus	no_unambiguous_current_class
in_scope_primary	1	highest scores	2549	0.9948041491785545	0.9996038427712962	59	0	2486	4
in_scope_primary	2	middle	2548	0.9845229020511646	0.9948016136835023	34	0	2509	5
in_scope_primary	3	middle	2548	0.9589172713348163	0.9845130167865018	33	0	2511	4
in_scope_primary	4	middle	2548	0.8881791040541278	0.9589061873190227	14	0	2524	10
in_scope_primary	5	middle	2548	0.7193697663008433	0.8881547200853086	3	2	2529	14
in_scope_primary	6	middle	2548	0.47109608128828	0.719269283763957	1	7	2524	16
in_scope_primary	7	middle	2548	0.23451781225356572	0.4709411021261156	0	11	2513	24
in_scope_primary	8	middle	2548	0.0881735888835252	0.23426392638401536	1	19	2501	27
in_scope_primary	9	middle	2548	0.023037467944989596	0.08815259462978196	0	26	2487	35
in_scope_primary	10	lowest scores	2548	0.0001268765754786514	0.023035181811341773	1	244	2295	8
