model	cohort	queue_direction	target_recall	required_transitions	review_rows	review_fraction	oracle_minimum_reviews	random_expected_reviews	random_median_reviews	random_95_low_reviews	random_95_high_reviews	relative_reduction_vs_random_expectation
full_300	in_scope_primary	later_pathogenic	0.5	73	3313	0.13001844511596877	73	12740.5	12675.0	10618.975	14733.0	0.7399631097680625
full_300	in_scope_primary	later_pathogenic	0.8	117	6644	0.2607432989286135	117	20419.705479452055	20313.0	18549.975	21831.0	0.6746280201403627
full_300	in_scope_primary	later_pathogenic	0.9	132	8018	0.3146658294415447	132	23037.616438356166	22945.0	21531.975	23980.025	0.6519605219813218
full_300	in_scope_primary	later_pathogenic	0.95	139	9547	0.3746713237314077	139	24259.30821917808	24148.0	23044.0	24851.0	0.6064603362245645
full_300	in_scope_primary	later_benign	0.5	155	1126	0.04418978846984027	155	12781.731391585761	12731.5	11266.95	14143.0	0.9119055184698023
full_300	in_scope_primary	later_benign	0.8	248	2645	0.10380283348377223	248	20450.770226537217	20394.0	19196.875	21481.025	0.8706650179577193
full_300	in_scope_primary	later_benign	0.9	279	6128	0.24049291629056943	279	23007.11650485437	22954.0	22047.0	23719.025	0.7336476303448531
full_300	in_scope_primary	later_benign	0.95	294	8368	0.3284015540991327	294	24244.058252427185	24190.0	23494.0	24713.0	0.654843264569279
no_precomputed_effect_242	in_scope_primary	later_pathogenic	0.5	73	2871	0.11267218711981476	73	12740.5	12675.0	10618.975	14733.0	0.7746556257603705
no_precomputed_effect_242	in_scope_primary	later_pathogenic	0.8	117	6426	0.2521879047133158	117	20419.705479452055	20313.0	18549.975	21831.0	0.6853039821526145
no_precomputed_effect_242	in_scope_primary	later_pathogenic	0.9	132	7907	0.3103096424787096	132	23037.616438356166	22945.0	21531.975	23980.025	0.6567787287735485
no_precomputed_effect_242	in_scope_primary	later_pathogenic	0.95	139	11439	0.44892272673756917	139	24259.30821917808	24148.0	23044.0	24851.0	0.5284696539303231
no_precomputed_effect_242	in_scope_primary	later_benign	0.5	155	1111	0.04360111455594364	155	12781.731391585761	12731.5	11266.95	14143.0	0.9130790684013769
no_precomputed_effect_242	in_scope_primary	later_benign	0.8	248	2543	0.09979985086927515	248	20450.770226537217	20394.0	19196.875	21481.025	0.8756526051669112
no_precomputed_effect_242	in_scope_primary	later_benign	0.9	279	5448	0.2138063655272556	279	23007.11650485437	22954.0	22047.0	23719.025	0.7632037026956202
no_precomputed_effect_242	in_scope_primary	later_benign	0.95	294	7481	0.29359130332404537	294	24244.058252427185	24190.0	23494.0	24713.0	0.6914295485471769
low_circularity	in_scope_primary	later_pathogenic	0.5	73	3282	0.1288018523605824	73	12740.5	12675.0	10618.975	14733.0	0.7423962952788352
low_circularity	in_scope_primary	later_pathogenic	0.8	117	6548	0.25697578587967507	117	20419.705479452055	20313.0	18549.975	21831.0	0.6793293612099782
low_circularity	in_scope_primary	later_pathogenic	0.9	132	8520	0.3343667830932852	132	23037.616438356166	22945.0	21531.975	23980.025	0.6301700732453058
low_circularity	in_scope_primary	later_pathogenic	0.95	139	12566	0.49315176013500256	139	24259.30821917808	24148.0	23044.0	24851.0	0.48201325913877424
low_circularity	in_scope_primary	later_benign	0.5	155	1125	0.044150543542247164	155	12781.731391585761	12731.5	11266.95	14143.0	0.9119837551319072
low_circularity	in_scope_primary	later_benign	0.8	248	3258	0.1278599740983478	248	20450.770226537217	20394.0	19196.875	21481.025	0.8406905967887521
low_circularity	in_scope_primary	later_benign	0.9	279	4957	0.1945371060790393	279	23007.11650485437	22954.0	22047.0	23719.025	0.7845449255253651
low_circularity	in_scope_primary	later_benign	0.95	294	7054	0.276833719241788	294	24244.058252427185	24190.0	23494.0	24713.0	0.7090421114091412
static_molecular	in_scope_primary	later_pathogenic	0.5	73	3776	0.14818884659157805	73	12740.5	12675.0	10618.975	14733.0	0.7036223068168439
static_molecular	in_scope_primary	later_pathogenic	0.8	117	9495	0.3726305874965661	117	20419.705479452055	20313.0	18549.975	21831.0	0.5350079848333449
static_molecular	in_scope_primary	later_pathogenic	0.9	132	10845	0.42561123974726267	132	23037.616438356166	22945.0	21531.975	23980.025	0.5292481742189368
static_molecular	in_scope_primary	later_pathogenic	0.95	139	11867	0.46571955574741963	139	24259.30821917808	24148.0	23044.0	24851.0	0.5108269414451563
static_molecular	in_scope_primary	later_benign	0.5	155	884	0.03469251599230799	155	12781.731391585761	12731.5	11266.95	14143.0	0.9308387906992054
static_molecular	in_scope_primary	later_benign	0.8	248	3923	0.153957850947765	248	20450.770226537217	20394.0	19196.875	21481.025	0.8081734841013735
static_molecular	in_scope_primary	later_benign	0.9	279	7626	0.2992818178250461	279	23007.11650485437	22954.0	22047.0	23719.025	0.6685373415486049
static_molecular	in_scope_primary	later_benign	0.95	294	9374	0.36788195125779993	294	24244.058252427185	24190.0	23494.0	24713.0	0.6133485614331287
full_300	all_historical_vus_sensitivity	later_pathogenic	0.5	73	3313	0.12872518164510238	73	12868.5	12795.0	10727.0	14890.074999999999	0.7425496367097952
full_300	all_historical_vus_sensitivity	later_pathogenic	0.8	117	6655	0.2585771457434822	117	20624.856164383564	20522.0	18722.925	22049.0	0.67733108308933
full_300	all_historical_vus_sensitivity	later_pathogenic	0.9	132	8038	0.31231301239460696	132	23269.068493150684	23175.0	21746.975	24219.0	0.6545628802302075
full_300	all_historical_vus_sensitivity	later_pathogenic	0.95	139	9593	0.37273186463068736	139	24503.034246575342	24391.0	23278.0	25112.0	0.6084974659274796
full_300	all_historical_vus_sensitivity	later_benign	0.5	156	1127	0.043789097408400354	156	12909.877813504823	12860.0	11432.975	14325.0	0.9127025045255608
full_300	all_historical_vus_sensitivity	later_benign	0.8	249	2671	0.10378054940358239	249	20606.151125401928	20568.0	19368.925	21628.0	0.8703785105842806
full_300	all_historical_vus_sensitivity	later_benign	0.9	280	6180	0.2401212262501457	280	23171.575562700964	23120.0	22205.975	23893.0	0.733293923700731
full_300	all_historical_vus_sensitivity	later_benign	0.95	296	8474	0.3292536037611221	296	24495.665594855305	24443.0	23715.0	24972.0	0.6540612473996319
no_precomputed_effect_242	all_historical_vus_sensitivity	later_pathogenic	0.5	73	2872	0.11159031744181529	73	12868.5	12795.0	10727.0	14890.074999999999	0.7768193651163694
no_precomputed_effect_242	all_historical_vus_sensitivity	later_pathogenic	0.8	117	6430	0.24983486808874383	117	20624.856164383564	20522.0	18722.925	22049.0	0.6882402500772941
no_precomputed_effect_242	all_historical_vus_sensitivity	later_pathogenic	0.9	132	7919	0.3076893188794343	132	23269.068493150684	23175.0	21746.975	24219.0	0.6596769654818379
no_precomputed_effect_242	all_historical_vus_sensitivity	later_pathogenic	0.95	139	11510	0.4472160702490578	139	24503.034246575342	24391.0	23278.0	25112.0	0.5302622571484716
no_precomputed_effect_242	all_historical_vus_sensitivity	later_benign	0.5	156	1114	0.04328398803279326	156	12909.877813504823	12860.0	11432.975	14325.0	0.9137094853961621
no_precomputed_effect_242	all_historical_vus_sensitivity	later_benign	0.8	249	2552	0.09915685588840968	249	20606.151125401928	20568.0	19368.925	21628.0	0.876153485215681
no_precomputed_effect_242	all_historical_vus_sensitivity	later_benign	0.9	280	5468	0.21245677429381823	280	23171.575562700964	23120.0	22205.975	23893.0	0.7640212256950805
no_precomputed_effect_242	all_historical_vus_sensitivity	later_benign	0.95	296	7764	0.30166686093950346	296	24495.665594855305	24443.0	23715.0	24972.0	0.6830459670534271
low_circularity	all_historical_vus_sensitivity	later_pathogenic	0.5	73	3282	0.12752069005711622	73	12868.5	12795.0	10727.0	14890.074999999999	0.7449586198857676
low_circularity	all_historical_vus_sensitivity	later_pathogenic	0.8	117	6553	0.2546139798733341	117	20624.856164383564	20522.0	18722.925	22049.0	0.6822765721238737
low_circularity	all_historical_vus_sensitivity	later_pathogenic	0.9	132	8532	0.3315071686676769	132	23269.068493150684	23175.0	21746.975	24219.0	0.6333329801099937
low_circularity	all_historical_vus_sensitivity	later_pathogenic	0.95	139	12652	0.49158798616777405	139	24503.034246575342	24391.0	23278.0	25112.0	0.4836557843129855
low_circularity	all_historical_vus_sensitivity	later_benign	0.5	156	1130	0.04390566111046353	156	12909.877813504823	12860.0	11432.975	14325.0	0.9124701243246528
low_circularity	all_historical_vus_sensitivity	later_benign	0.8	249	3266	0.12689901697944594	249	20606.151125401928	20568.0	19368.925	21628.0	0.8415036374272784
low_circularity	all_historical_vus_sensitivity	later_benign	0.9	280	4975	0.19330147258810274	280	23171.575562700964	23120.0	22205.975	23893.0	0.7852972929467859
low_circularity	all_historical_vus_sensitivity	later_benign	0.95	296	7099	0.2758285736488324	296	24495.665594855305	24443.0	23715.0	24972.0	0.7101936270108551
static_molecular	all_historical_vus_sensitivity	later_pathogenic	0.5	73	3777	0.1467537008975405	73	12868.5	12795.0	10727.0	14890.074999999999	0.706492598204919
static_molecular	all_historical_vus_sensitivity	later_pathogenic	0.8	117	9563	0.3715662276100556	117	20624.856164383564	20522.0	18722.925	22049.0	0.5363361604182213
static_molecular	all_historical_vus_sensitivity	later_pathogenic	0.9	132	10934	0.4248358394529277	132	23269.068493150684	23175.0	21746.975	24219.0	0.5301058139384285
static_molecular	all_historical_vus_sensitivity	later_pathogenic	0.95	139	11979	0.46543886233826787	139	24503.034246575342	24391.0	23278.0	25112.0	0.511121770493618
static_molecular	all_historical_vus_sensitivity	later_benign	0.5	156	891	0.034619419512763726	156	12909.877813504823	12860.0	11432.975	14325.0	0.9309830803303236
static_molecular	all_historical_vus_sensitivity	later_benign	0.8	249	3941	0.15312584994366088	249	20606.151125401928	20568.0	19368.925	21628.0	0.8087464283836203
static_molecular	all_historical_vus_sensitivity	later_benign	0.9	280	7837	0.3045032443563741	280	23171.575562700964	23120.0	22205.975	23893.0	0.6617838964470273
static_molecular	all_historical_vus_sensitivity	later_benign	0.95	296	10219	0.39705482379453705	296	24495.665594855305	24443.0	23715.0	24972.0	0.5828241547293884
