source	rows	pathogenic	budget_fraction	review_rows	pathogenic_found	pathogenic_recall	precision	enrichment_over_prevalence
cardioboost	185	132	0.1	19	19	0.14393939393939395	1.0	1.4015151515151514
cardioboost	185	132	0.2	37	37	0.2803030303030303	1.0	1.4015151515151514
cardioboost	185	132	0.3	56	56	0.42424242424242425	1.0	1.4015151515151514
cardioboost	185	132	0.5	93	91	0.6893939393939394	0.978494623655914	1.3713750407298795
emerge	176	96	0.1	18	18	0.1875	1.0	1.8333333333333335
emerge	176	96	0.2	36	36	0.375	1.0	1.8333333333333335
emerge	176	96	0.3	53	52	0.5416666666666666	0.9811320754716981	1.79874213836478
emerge	176	96	0.5	88	87	0.90625	0.9886363636363636	1.8125000000000002
hiro	69	27	0.1	7	7	0.25925925925925924	1.0	2.5555555555555554
hiro	69	27	0.2	14	14	0.5185185185185185	1.0	2.5555555555555554
hiro	69	27	0.3	21	21	0.7777777777777778	1.0	2.5555555555555554
hiro	69	27	0.5	35	27	1.0	0.7714285714285715	1.9714285714285715
