benchmark	bootstrap_policy	model	metric	point_estimate	bootstrap_mean	ci_95_low	ci_95_high	n_boot	rows	unique_variants	pathogenic	benign
hgvs_cdot_primary_external_all	row_stratified_paired	Our CatBoost	AUROC	0.980276134122288	0.9801681057783622	0.961207904156622	0.9947421287164877	5000	250	219	169	81
hgvs_cdot_primary_external_all	row_stratified_paired	Our CatBoost	AUPRC	0.9896054156939958	0.9895547591253661	0.9787342686987225	0.9977327367459369	5000	250	219	169	81
hgvs_cdot_primary_external_all	row_stratified_paired	Our CatBoost	sensitivity	0.9585798816568047	0.9586875739644969	0.9230769230769231	0.9881656804733728	5000	250	219	169	81
hgvs_cdot_primary_external_all	row_stratified_paired	Our CatBoost	specificity	0.5432098765432098	0.5434839506172838	0.4444444444444444	0.654320987654321	5000	250	219	169	81
hgvs_cdot_primary_external_all	row_stratified_paired	Our CatBoost	PPV	0.9642857142857143	0.9645658728010498	0.9367816091954023	0.9879518072289156	5000	250	219	169	81
hgvs_cdot_primary_external_all	row_stratified_paired	Our CatBoost	NPV	1.0	1.0	1.0	1.0	5000	250	219	169	81
hgvs_cdot_primary_external_all	row_stratified_paired	Our CatBoost	deferral_rate	0.152	0.151908	0.112	0.192	5000	250	219	169	81
hgvs_cdot_primary_external_all	row_stratified_paired	Our CatBoost	high_conf_accuracy	0.9716981132075472	0.9718161462534647	0.9488312323407955	0.9906976744186047	5000	250	219	169	81
hgvs_cdot_primary_external_all	row_stratified_paired	Our CatBoost	high_conf_classified_rate	0.848	0.848092	0.808	0.888	5000	250	219	169	81
hgvs_cdot_primary_external_all	row_stratified_paired	Our CatBoost	MCC_at_0_5	0.8617202805555967	0.8617717567192187	0.7885339030309231	0.9266317530722917	5000	250	219	169	81
hgvs_cdot_primary_external_all	row_stratified_paired	Official CardioBoost	AUROC	0.842574329753817	0.841978771276207	0.7858116005551903	0.8945887208707721	5000	250	219	169	81
hgvs_cdot_primary_external_all	row_stratified_paired	Official CardioBoost	AUPRC	0.9021749900844075	0.9019265479476133	0.8578095624596136	0.9404504634110576	5000	250	219	169	81
hgvs_cdot_primary_external_all	row_stratified_paired	Official CardioBoost	sensitivity	0.8757396449704142	0.876055621301775	0.8224852071005917	0.9230769230769231	5000	250	219	169	81
hgvs_cdot_primary_external_all	row_stratified_paired	Official CardioBoost	specificity	0.14814814814814814	0.14802716049382716	0.07407407407407407	0.2222222222222222	5000	250	219	169	81
hgvs_cdot_primary_external_all	row_stratified_paired	Official CardioBoost	PPV	0.8361581920903954	0.8363816344193701	0.7967032967032966	0.877906976744186	5000	250	219	169	81
hgvs_cdot_primary_external_all	row_stratified_paired	Official CardioBoost	NPV	1.0	1.0	1.0	1.0	5000	250	219	169	81
hgvs_cdot_primary_external_all	row_stratified_paired	Official CardioBoost	deferral_rate	0.244	0.24364080000000005	0.196	0.292	5000	250	219	169	81
hgvs_cdot_primary_external_all	row_stratified_paired	Official CardioBoost	high_conf_accuracy	0.8465608465608465	0.846622730471529	0.8072916666666666	0.8877005347593583	5000	250	219	169	81
hgvs_cdot_primary_external_all	row_stratified_paired	Official CardioBoost	high_conf_classified_rate	0.756	0.7563592	0.708	0.804	5000	250	219	169	81
hgvs_cdot_primary_external_all	row_stratified_paired	Official CardioBoost	MCC_at_0_5	0.43611337117469556	0.43520636813486835	0.3256431630644344	0.5380343434847553	5000	250	219	169	81
hgvs_cdot_primary_external_all	variant_cluster_stratified_paired	Our CatBoost	AUROC	0.980276134122288	0.9803046862815359	0.9596991913500937	0.9952382210812444	5000	250	219	169	81
hgvs_cdot_primary_external_all	variant_cluster_stratified_paired	Our CatBoost	AUPRC	0.9896054156939958	0.9896753270074516	0.9784735407584316	0.9978721496447142	5000	250	219	169	81
hgvs_cdot_primary_external_all	variant_cluster_stratified_paired	Our CatBoost	sensitivity	0.9585798816568047	0.9585343429909721	0.9226074636441404	0.9880952380952381	5000	250	219	169	81
hgvs_cdot_primary_external_all	variant_cluster_stratified_paired	Our CatBoost	specificity	0.5432098765432098	0.5436714919323871	0.4155844155844156	0.6666666666666666	5000	250	219	169	81
hgvs_cdot_primary_external_all	variant_cluster_stratified_paired	Our CatBoost	PPV	0.9642857142857143	0.9645091116214055	0.9314285714285714	0.9936708860759493	5000	250	219	169	81
hgvs_cdot_primary_external_all	variant_cluster_stratified_paired	Our CatBoost	NPV	1.0	1.0	1.0	1.0	5000	250	219	169	81
hgvs_cdot_primary_external_all	variant_cluster_stratified_paired	Our CatBoost	deferral_rate	0.152	0.15178387503662358	0.10886003692188108	0.1975806451612903	5000	250	219	169	81
hgvs_cdot_primary_external_all	variant_cluster_stratified_paired	Our CatBoost	high_conf_accuracy	0.9716981132075472	0.9717437175009669	0.9441854562625427	0.995050114617373	5000	250	219	169	81
hgvs_cdot_primary_external_all	variant_cluster_stratified_paired	Our CatBoost	high_conf_classified_rate	0.848	0.8482161249633762	0.8024193548387096	0.8911399630781187	5000	250	219	169	81
hgvs_cdot_primary_external_all	variant_cluster_stratified_paired	Our CatBoost	MCC_at_0_5	0.8617202805555967	0.8621219896607077	0.7799817685201953	0.9296227033291219	5000	250	219	169	81
hgvs_cdot_primary_external_all	variant_cluster_stratified_paired	Official CardioBoost	AUROC	0.842574329753817	0.8426711191127594	0.7811381819934451	0.8964516700725532	5000	250	219	169	81
hgvs_cdot_primary_external_all	variant_cluster_stratified_paired	Official CardioBoost	AUPRC	0.9021749900844075	0.9025841463044165	0.8554301011359474	0.9424894008390786	5000	250	219	169	81
hgvs_cdot_primary_external_all	variant_cluster_stratified_paired	Official CardioBoost	sensitivity	0.8757396449704142	0.8755209886295197	0.8242329545454545	0.9221556886227545	5000	250	219	169	81
hgvs_cdot_primary_external_all	variant_cluster_stratified_paired	Official CardioBoost	specificity	0.14814814814814814	0.1476777175185986	0.0759493670886076	0.2261904761904762	5000	250	219	169	81
hgvs_cdot_primary_external_all	variant_cluster_stratified_paired	Official CardioBoost	PPV	0.8361581920903954	0.8368099356411364	0.7932960893854749	0.8793103448275862	5000	250	219	169	81
hgvs_cdot_primary_external_all	variant_cluster_stratified_paired	Official CardioBoost	NPV	1.0	1.0	1.0	1.0	5000	250	219	169	81
hgvs_cdot_primary_external_all	variant_cluster_stratified_paired	Official CardioBoost	deferral_rate	0.244	0.24461434358650322	0.19444163292847505	0.2971887550200803	5000	250	219	169	81
hgvs_cdot_primary_external_all	variant_cluster_stratified_paired	Official CardioBoost	high_conf_accuracy	0.8465608465608465	0.8470511706554568	0.8042300769104892	0.8882978723404256	5000	250	219	169	81
hgvs_cdot_primary_external_all	variant_cluster_stratified_paired	Official CardioBoost	high_conf_classified_rate	0.756	0.7553856564134969	0.7028112449799196	0.805558367071525	5000	250	219	169	81
hgvs_cdot_primary_external_all	variant_cluster_stratified_paired	Official CardioBoost	MCC_at_0_5	0.43611337117469556	0.4356327492428418	0.33101633689065296	0.5348432992971159	5000	250	219	169	81
hgvs_cdot_primary_external_cardioboost	row_stratified_paired	Our CatBoost	AUROC	0.9724370414435851	0.972143010113028	0.9405066428713067	0.9946460440214159	5000	164	152	123	41
hgvs_cdot_primary_external_cardioboost	row_stratified_paired	Our CatBoost	AUPRC	0.9896722114908214	0.9895870497721324	0.9770787571068122	0.9983526653640736	5000	164	152	123	41
hgvs_cdot_primary_external_cardioboost	row_stratified_paired	Our CatBoost	sensitivity	0.967479674796748	0.9675203252032519	0.9349593495934959	0.991869918699187	5000	164	152	123	41
hgvs_cdot_primary_external_cardioboost	row_stratified_paired	Our CatBoost	specificity	0.36585365853658536	0.3646780487804877	0.21951219512195122	0.5121951219512195	5000	164	152	123	41
hgvs_cdot_primary_external_cardioboost	row_stratified_paired	Our CatBoost	PPV	0.952	0.952126688224837	0.916030534351145	0.9836065573770492	5000	164	152	123	41
hgvs_cdot_primary_external_cardioboost	row_stratified_paired	Our CatBoost	NPV	1.0	1.0	1.0	1.0	5000	164	152	123	41
hgvs_cdot_primary_external_cardioboost	row_stratified_paired	Our CatBoost	deferral_rate	0.14634146341463414	0.1464719512195122	0.10365853658536585	0.1951219512195122	5000	164	152	123	41
hgvs_cdot_primary_external_cardioboost	row_stratified_paired	Our CatBoost	high_conf_accuracy	0.9571428571428572	0.9570923441100736	0.9236111111111112	0.9856115107913669	5000	164	152	123	41
hgvs_cdot_primary_external_cardioboost	row_stratified_paired	Our CatBoost	high_conf_classified_rate	0.8536585365853658	0.8535280487804877	0.8048780487804879	0.8963414634146342	5000	164	152	123	41
hgvs_cdot_primary_external_cardioboost	row_stratified_paired	Our CatBoost	MCC_at_0_5	0.7990761108236456	0.7977094914109921	0.6920456654478331	0.9011984328150052	5000	164	152	123	41
hgvs_cdot_primary_external_cardioboost	row_stratified_paired	Official CardioBoost	AUROC	0.7884195915129883	0.7882500892325995	0.7019631171921475	0.8649662899068014	5000	164	152	123	41
hgvs_cdot_primary_external_cardioboost	row_stratified_paired	Official CardioBoost	AUPRC	0.9051530967492761	0.9057113665970686	0.8554744342644545	0.9482878600825956	5000	164	152	123	41
hgvs_cdot_primary_external_cardioboost	row_stratified_paired	Official CardioBoost	sensitivity	0.8699186991869918	0.8699382113821139	0.8048780487804879	0.926829268292683	5000	164	152	123	41
hgvs_cdot_primary_external_cardioboost	row_stratified_paired	Official CardioBoost	specificity	0.07317073170731707	0.07274146341463415	0.0	0.17073170731707318	5000	164	152	123	41
hgvs_cdot_primary_external_cardioboost	row_stratified_paired	Official CardioBoost	PPV	0.84251968503937	0.8426021297218996	0.8014705882352942	0.8852459016393442	5000	164	152	123	41
hgvs_cdot_primary_external_cardioboost	row_stratified_paired	Official CardioBoost	NPV	1.0	1.0	1.0	1.0	5000	164	152	123	41
hgvs_cdot_primary_external_cardioboost	row_stratified_paired	Official CardioBoost	deferral_rate	0.2073170731707317	0.20712804878048782	0.1524390243902439	0.2682926829268293	5000	164	152	123	41
hgvs_cdot_primary_external_cardioboost	row_stratified_paired	Official CardioBoost	high_conf_accuracy	0.8461538461538461	0.8461170810399706	0.8043478260869565	0.8897073297823066	5000	164	152	123	41
hgvs_cdot_primary_external_cardioboost	row_stratified_paired	Official CardioBoost	high_conf_classified_rate	0.7926829268292683	0.7928719512195123	0.7317073170731707	0.8475609756097561	5000	164	152	123	41
hgvs_cdot_primary_external_cardioboost	row_stratified_paired	Official CardioBoost	MCC_at_0_5	0.22524154283911543	0.22109438811946722	0.02627034687463669	0.3657293559224355	5000	164	152	123	41
hgvs_cdot_primary_external_cardioboost	variant_cluster_stratified_paired	Our CatBoost	AUROC	0.9724370414435851	0.9728505239864992	0.9421142768961127	0.995741896684247	5000	164	152	123	41
hgvs_cdot_primary_external_cardioboost	variant_cluster_stratified_paired	Our CatBoost	AUPRC	0.9896722114908214	0.9898678405195744	0.977817002367545	0.9986447870657122	5000	164	152	123	41
hgvs_cdot_primary_external_cardioboost	variant_cluster_stratified_paired	Our CatBoost	sensitivity	0.967479674796748	0.9675451313709211	0.9338842975206612	0.9921259842519685	5000	164	152	123	41
hgvs_cdot_primary_external_cardioboost	variant_cluster_stratified_paired	Our CatBoost	specificity	0.36585365853658536	0.3673342616595737	0.21951219512195122	0.525	5000	164	152	123	41
hgvs_cdot_primary_external_cardioboost	variant_cluster_stratified_paired	Our CatBoost	PPV	0.952	0.9525106802053035	0.9104324688035234	0.991304347826087	5000	164	152	123	41
hgvs_cdot_primary_external_cardioboost	variant_cluster_stratified_paired	Our CatBoost	NPV	1.0	1.0	1.0	1.0	5000	164	152	123	41
hgvs_cdot_primary_external_cardioboost	variant_cluster_stratified_paired	Our CatBoost	deferral_rate	0.14634146341463414	0.14614664301450106	0.09937888198757763	0.1951219512195122	5000	164	152	123	41
hgvs_cdot_primary_external_cardioboost	variant_cluster_stratified_paired	Our CatBoost	high_conf_accuracy	0.9571428571428572	0.9574456980379608	0.9183673469387755	0.9923091603053436	5000	164	152	123	41
hgvs_cdot_primary_external_cardioboost	variant_cluster_stratified_paired	Our CatBoost	high_conf_classified_rate	0.8536585365853658	0.853853356985499	0.8048780487804879	0.9006211180124224	5000	164	152	123	41
hgvs_cdot_primary_external_cardioboost	variant_cluster_stratified_paired	Our CatBoost	MCC_at_0_5	0.7990761108236456	0.8002334655326454	0.6822780401756039	0.9033301526854544	5000	164	152	123	41
hgvs_cdot_primary_external_cardioboost	variant_cluster_stratified_paired	Official CardioBoost	AUROC	0.7884195915129883	0.7881081131206102	0.7051973698709493	0.8658017247302962	5000	164	152	123	41
hgvs_cdot_primary_external_cardioboost	variant_cluster_stratified_paired	Official CardioBoost	AUPRC	0.9051530967492761	0.9054366354164602	0.8549798098639734	0.9483184427004194	5000	164	152	123	41
hgvs_cdot_primary_external_cardioboost	variant_cluster_stratified_paired	Official CardioBoost	sensitivity	0.8699186991869918	0.8701136283726859	0.8099173553719008	0.926829268292683	5000	164	152	123	41
hgvs_cdot_primary_external_cardioboost	variant_cluster_stratified_paired	Official CardioBoost	specificity	0.07317073170731707	0.0732339896824515	0.0	0.16279069767441862	5000	164	152	123	41
hgvs_cdot_primary_external_cardioboost	variant_cluster_stratified_paired	Official CardioBoost	PPV	0.84251968503937	0.8432165037515277	0.802786161412922	0.8870967741935484	5000	164	152	123	41
hgvs_cdot_primary_external_cardioboost	variant_cluster_stratified_paired	Official CardioBoost	NPV	1.0	1.0	1.0	1.0	5000	164	152	123	41
hgvs_cdot_primary_external_cardioboost	variant_cluster_stratified_paired	Official CardioBoost	deferral_rate	0.2073170731707317	0.20728548271281988	0.15	0.26666666666666666	5000	164	152	123	41
hgvs_cdot_primary_external_cardioboost	variant_cluster_stratified_paired	Official CardioBoost	high_conf_accuracy	0.8461538461538461	0.8468071368116871	0.8059701492537313	0.889763779527559	5000	164	152	123	41
hgvs_cdot_primary_external_cardioboost	variant_cluster_stratified_paired	Official CardioBoost	high_conf_classified_rate	0.7926829268292683	0.7927145172871802	0.7333333333333333	0.85	5000	164	152	123	41
hgvs_cdot_primary_external_cardioboost	variant_cluster_stratified_paired	Official CardioBoost	MCC_at_0_5	0.22524154283911543	0.22236312331244498	0.04196342380530239	0.3714576277730331	5000	164	152	123	41
