subset	resampling_unit	metric	structure_minus_baseline	ci_95_low	ci_95_high	bootstrap_samples	seed
external_all	variant_stratified_by_outcome	auroc	0.0025322128851541503	0.00011204481792714827	0.0056694677871147485	5000	20260917
external_all	variant_stratified_by_outcome	auprc	0.0023652510557002904	0.0001309483565607117	0.00542511284391438	5000	20260917
external_all	variant_stratified_by_outcome	brier	-0.0009087286143917225	-0.0036509257445925375	0.0019619957928760368	5000	20260917
external_structure_covered	variant_stratified_by_outcome	auroc	0.003419193070435478	0.0001709596535217628	0.008035103715523184	5000	20260917
external_structure_covered	variant_stratified_by_outcome	auprc	0.0030796027749953048	0.00021195278871781467	0.007291440692071445	5000	20260917
external_structure_covered	variant_stratified_by_outcome	brier	-0.0019506145636068797	-0.005631068613006898	0.0018260968291626105	5000	20260917
external_all	gene_cluster	auroc	0.0025322128851541503	-3.204851079555149e-05	0.005017366570855554	5000	20260917
external_all	gene_cluster	auprc	0.0023652510557002904	0.00026643168080144335	0.00542169966920266	5000	20260917
external_all	gene_cluster	brier	-0.0009087286143917225	-0.003451394199770438	0.0018431615195339509	5000	20260917
external_structure_covered	gene_cluster	auroc	0.003419193070435478	0.0001534563052678878	0.006440096711105214	5000	20260917
external_structure_covered	gene_cluster	auprc	0.0030796027749953048	0.00022078381965348344	0.0065288334549534355	5000	20260917
external_structure_covered	gene_cluster	brier	-0.0019506145636068797	-0.006195090473676141	0.002196458429121023	5000	20260917
