source_id	evidence_claim	source_type	citation_or_id	url	ctrl_f_terms	used_for
SRC_UNIPROT_DSG2_Q14126	DSG2 is a reviewed desmoglein/desmosomal cadherin with homodimer evidence, PKP2 interaction, and cardiac desmosome/intercalated-disk relevance.	UniProt reviewed entry	Q14126; DSG2_HUMAN; PubMed 11790773; 17559062; 31845994	https://www.uniprot.org/uniprotkb/Q14126/entry	Forms homodimers; Interacts with PKP2; desmosome; cardiomyocyte; intercalated disks	canonical sequence, homodimer decision, PKP2 partner decision
SRC_UNIPROT_DSC2_Q02487	DSC2 is a reviewed desmocollin/desmosomal cadherin that interacts with DSP, PKP2, and JUP and supports DSG2 desmosome incorporation.	UniProt reviewed entry	Q02487; DSC2_HUMAN; PubMed 21062920; 33596089	https://www.uniprot.org/uniprotkb/Q02487/entry	Interacts with DSP, PKP2 and JUP; DSG2; desmosome intercellular junctions	DSC2 partner evidence and ectodomain rescue
SRC_UNIPROT_PKP2_Q99959	PKP2 interacts with DSG2 and is required for localization of desmosome proteins including DSG2 to cell-cell junctions.	UniProt reviewed entry	Q99959; PKP2_HUMAN; PubMed 11790773; 22781308; 25208567	https://www.uniprot.org/uniprotkb/Q99959/entry	Interacts with DSG2; localization of desmosome component proteins; DSG2; cardiomyocytes	DSG2 cytoplasmic tail-PKP2 plaque design
SRC_INTACT_DSG2_DSC2	Local IntAct/PSICQUIC evidence supports the DSG2-DSC2 pair.	IntAct/local evidence	EBI-2556545; EBI-3048545; PubMed 21062920/21220045 in local tables	results/af3/af3_partner_evidence_review_queue.tsv	DSG2; DSC2; direct_uniprot_intact_interaction; EBI-2556545; EBI-3048545	DSG2-DSC2 top-3 partner evidence
SRC_REACTOME_DESMOSOME	Reactome local evidence places DSG2/DSC2/PKP2/desmosomal proteins in desmosome/cell-junction pathway context.	Reactome/local evidence	R-HSA-6805567; R-HSA-6809371	https://reactome.org/	R-HSA-6805567; R-HSA-6809371; Formation of the cornified envelope; Keratinization	pathway context, not direct physical proof
SRC_RCSB_DSG2_DSC2	RCSB/PDB local evidence includes DSG2 and DSC2/desmosomal cadherin structural entries useful for boundary checking.	RCSB/PDB/local evidence	DSG2: 2YQG, 5ERD, 5J5J, 6QNT, 6QNU, 6SIT, 7A7D; DSC2: 5ERP, 5J5J, 7A7D	https://www.rcsb.org/	5J5J; 7A7D; 5ERD; 5ERP; DSG2; DSC2	structural precedent and manual boundary checking
SRC_LOCAL_AF3_DSG2_DSC2_WEAK	Prior full-length DSG2-DSC2 AF3 job was not interface-usable: pair ipTM 0.30, min PAE 11.01, max contact 0.71, job classified unsupported/low confidence.	local AF3 result QC	AF3_PILOTV2_019_DSG2_DSC2; completed_af3_pair_qc.tsv	results/af3/current_completed_af3_summary/completed_af3_pair_qc.tsv	AF3_PILOTV2_019_DSG2_DSC2; DSG2-DSC2; unsupported_or_low_confidence	justifies compact extracellular rescue rather than repeating full-length pair
SRC_HPA_DSG2	Human Protein Atlas can be used to verify DSG2 junctional/localization and disease context before publication tables.	Human Protein Atlas/manual check	HPA DSG2	https://www.proteinatlas.org/DSG2	DSG2; cell junction; desmosome; cardiomyopathy	localization/tissue context support
SRC_DSG2_CARDIAC_PUBMED	DSG2 promotes cardiomyocyte homeostasis/desmosome junction formation and heart conduction/chamber integrity in curated UniProt functional text.	UniProt curated function/literature context	Q14126; PubMed 17559062; 38395410; by-similarity cardiac text	https://www.uniprot.org/uniprotkb/Q14126/entry	cardiomyocyte cell homeostasis; desmosome junction formation; cardiac conduction; heart chamber integrity	cardiac-specific rationale
SRC_DSG2_CTNNB1_HELD	DSG2-CTNNB1 interaction is real but broader junction/EMT biology, so it is held outside top-3 cardiogenetics AF3 jobs.	UniProt reviewed entry/literature	Q14126; PubMed 29910125	https://www.uniprot.org/uniprotkb/Q14126/entry	CTNNB1; nuclear localization; TCF-target genes	held-partner justification
SRC_DSG2_VIRAL_HELD	DSG2 adenovirus fiber interactions are excluded because they are infection biology, not inherited cardiogenetics interaction context.	UniProt reviewed entry/literature	Q14126; PubMed 29849084; 30862836; 32581096	https://www.uniprot.org/uniprotkb/Q14126/entry	adenovirus; fiber protein; infection	excluded-partner justification
