feature	importance
vep_consequence	14.465197559395833
vep_worst_consequence	5.919718038812779
vep_all_consequences	5.147574292142762
vep_gene_id	3.6127256775710856
vep_SpliceAI_pred_DS_DG	3.6113042884714384
primary_gene	3.424529946502649
vep_impact	3.384604310298993
vep_mane_select	3.3064579920228443
vep_symbol	2.8046634698805795
vep_feature	2.7975071277190877
gnomad_final_popmax_af	2.2379021894595286
vep_SpliceAI_pred_DS_AL	2.190920535365545
gnomad41_joint_popmax_af_dbnsfp	1.989973744404833
vep_SpliceAI_pred_DS_DL	1.9017446143059822
gnomad_final_af	1.848907102790977
vep_all_impacts	1.84203489812238
vep_amino_acids	1.8126322492635163
revel_score_max	1.5803563196472863
dbnsfp_missing_reason	1.462689087847001
vep_SpliceAI_pred_DS_AG	1.4606320200997818
esm1b_score_max	1.383137207796529
vep_transcript_count	1.2040795163338716
dbnsfp_popmax_af	1.1336261097079434
sift_score_min	1.021987816578326
gnomad_final_missing_reason	1.0065936999168816
alphamissense_direct_transcript_id	0.9902379787501505
alphamissense_direct_class	0.9897062528596582
vep_SpliceAI_pred_DP_DL	0.9782719210938599
vep_protein_position	0.9471898389272542
dbnsfp_MetaLR_pred	0.8785504900046892
vep_codons	0.8463722452889422
vep_SpliceAI_pred_DP_AL	0.7253486158447433
alphamissense_direct_uniprot_id	0.6575076474709257
gnomad_browser_mane_major_consequence	0.6457351853904978
gnomad_browser_joint_grpmax_pop	0.6174985148032367
gnomad_browser_genome_flags	0.6169895168414519
gnomad_final_source	0.5693022787744906
metalr_pred	0.5567032252076078
gnomad_final_popmax_pop	0.5546128986152817
vep_SpliceAI_pred_DP_AG	0.5285232086037323
gnomad_browser_max_popmax_af	0.48425571817152785
cadd_phred	0.45367900487762386
gnomad_final_status	0.448540929277451
dbnsfp_dbNSFP_POPMAX_POP	0.4476627320287273
fathmm_xf_coding_pred	0.44274507852420936
gnomad_browser_joint_grpmax_af	0.433091212683888
gnomad_browser_exome_popmax_an	0.4280974443402725
gnomad_final_homozygote_count	0.4220220872252051
modeling_scope	0.42195904018555686
gnomad_browser_exome_faf95_max_pop	0.39974555486053176
dbnsfp_alt_aa	0.34487866131137446
sift_score	0.3092516150974709
gnomad_browser_joint_ac_raw	0.30774358641655697
gnomad_browser_canonical_major_consequence	0.3055653278603919
gnomad_browser_canonical_transcript_id	0.29287968574756956
gnomad_browser_consequence_terms	0.2914555332582476
alphamissense_dbnsfp_score_max	0.2913600641987459
gnomad_browser_joint_ac	0.287382510511554
gnomad_browser_exome_popmax_pop	0.2796028223941296
dbnsfp_popmax_pop	0.2784393157250354
sift_pred	0.27001686541196485
dbnsfp_SIFT_score	0.26052583140975627
gerp_rs	0.2540079118393771
vep_SpliceAI_pred_DP_DG	0.2458353345886398
dbnsfp_gnomAD4.1_joint_POPMAX_nhomalt	0.2310338787503341
gnomad_browser_genome_popmax_an	0.20584228899482926
vep_any_splice_region	0.20394957288386018
dbnsfp_gnomAD4.1_joint_nhomalt	0.20072883296753374
esm1b_pred	0.18728132878238413
gnomad41_joint_af_dbnsfp	0.18106630033695972
alphamissense_direct_score	0.17987393840269036
gene_panel_decisions	0.1761143888694689
dbnsfp_Polyphen2_HDIV_score	0.17451447412245683
gnomad_browser_mane_gene_symbol	0.17241133042796686
gnomad_browser_joint_status	0.17123191831886586
dbnsfp_fathmm-XF_coding_pred	0.17018260493163878
gnomad_browser_joint_faf95_max_pop	0.16763125744403626
vep_any_high_impact	0.1673870172545496
dbnsfp_ESM1b_pred	0.16245532312429817
gnomad_browser_missing_reason	0.16056861592659546
gnomad_browser_exome_af	0.14340497186870735
gnomad_browser_exome_status	0.14240460073206504
gnomad_browser_mane_hgvsp	0.1356913489917877
gnomad_browser_any_filters	0.1292298787360015
gnomad_browser_max_popmax_source	0.1282770784879779
dbnsfp_Polyphen2_HDIV_pred	0.12601040396486549
gnomad_browser_joint_popmax_af	0.12412660567491453
gnomad_browser_any_flags	0.12123212437804845
gnomad41_joint_af_dbnsfp_is_missing	0.11812917045204648
gnomad_browser_joint_popmax_pop	0.11630879867644396
gnomad_browser_exome_faf95_max	0.11589665454905818
gnomad_browser_genome_popmax_pop	0.11370177446888424
gnomad_browser_genome_an	0.11081814839618036
polyphen2_hdiv_pred	0.11038026062053471
gnomad_browser_canonical_gene_symbol	0.10379660816604534
dbnsfp_interpro_domain_raw	0.10096716367374371
gnomad_browser_genome_ac_raw	0.09729014931107978
gnomad_browser_genome_status	0.096884305144099
dbnsfp_gene_name_raw	0.09488198202129292
vep_any_frameshift	0.09416590896010775
dbnsfp_uniprot_accession_raw	0.09223783734348208
esm1b_pred_is_missing	0.09213473480135846
gnomad_browser_genome_subsets	0.09164150615828356
gnomad_browser_exome_ac_raw	0.09143724772131784
dbnsfp_AlphaMissense_pred	0.09098628979076133
metalr_score	0.09075057781875372
gnomad_browser_genome_filters	0.09028439737507485
gnomad_browser_joint_faf95_max	0.08708037715136324
dbnsfp_Interpro_domain	0.0829803062946906
dbnsfp_phyloP100way_vertebrate	0.08258848895687707
dbnsfp_gnomAD4.1_joint_POPMAX_AF	0.08119544335951433
dbnsfp_genename	0.08000257911821773
gnomad_browser_has_exome	0.07588282853088629
gnomad_browser_joint_popmax_an	0.07089214335551738
dbnsfp_SIFT_pred	0.06955986640021353
gnomad_browser_genome_af	0.06841006240668433
alphamissense_dbnsfp_pred	0.06482650305553264
dbnsfp_CADD_raw	0.062230830903640746
gnomad_browser_has_genome	0.061741979539981805
gnomad_browser_joint_faf99_max_pop	0.061356279654088235
gnomad_browser_max_af	0.0612871838306172
dbnsfp_GERP++_RS	0.06066128789237056
gnomad_browser_joint_popmax_homozygote_count	0.0590253783926317
dbnsfp_CADD_phred	0.058285987659758266
dbnsfp_Ensembl_transcriptid	0.05310757486767327
dbnsfp_aaref	0.052337685118259175
gnomad_browser_joint_an	0.04981529105222629
fathmm_xf_coding_score	0.04682479301235078
dbnsfp_ref_aa	0.04603161353749405
dbnsfp_ensembl_transcript_raw	0.045760358834373516
gnomad_browser_max_af_source	0.0427088115187035
gnomad_browser_exome_faf99_max	0.04223853021614127
gnomad_confirmed_absent_flag	0.039600357654334346
dbnsfp_aaalt	0.03533591800957093
gnomad_browser_exome_filters	0.03416191761494825
gnomad_browser_canonical_lof	0.03402993854427677
gnomad_browser_joint_faf99_max	0.029443431128999175
dbnsfp_Uniprot_acc	0.026026629937538466
gnomad_browser_genome_popmax_hemizygote_count	0.02416228188964342
dbnsfp_MetaLR_score	0.023013259649774697
phastcons100way_vertebrate	0.022777258642486857
gnomad_browser_exome_popmax_af	0.022652057662756395
gnomad_browser_joint_flags	0.022153153969457738
gnomad_browser_exome_ac	0.021419803609674992
gnomad_browser_exome_flags	0.018669659458814814
cadd_raw	0.013265487821239458
dbnsfp_fathmm-XF_coding_score	0.013259287753813107
gnomad_browser_exome_faf99_max_pop	0.01185522353218292
alphamissense_dbnsfp_score	0.011606890943569044
gnomad_browser_exome_an	0.011460854035979575
gnomad_browser_status	0.010923342663161846
polyphen2_hdiv_score	0.010799432946996628
dbnsfp_AlphaMissense_score	0.009241634993246517
gnomad_browser_mane_transcript_id	0.008997185109385065
revel_score	0.007064485861188533
dbnsfp_aapos	0.006963554934362874
gnomad_browser_exome_subsets	0.006015962914550146
gnomad_browser_mane_lof	0.0043584687159154934
gnomad41_joint_popmax_nhomalt_dbnsfp	0.004069363496854731
gnomad_browser_joint_homozygote_count	0.003441936073082271
dbnsfp_phastCons100way_vertebrate	0.0033407787055033922
gnomad_browser_canonical_hgvsp	0.003184990255415801
phylop100way_vertebrate	0.002498255431846378
dbnsfp_HGVSc_VEP	0.0019411943381412349
dbnsfp_dbNSFP_POPMAX_AF	0.0015498346462957883
gnomad_browser_joint_af	0.001481397163118035
gnomad_browser_exome_popmax_ac	0.001329320066400877
alphamissense_direct_protein_variant	0.0009361300710675834
dbnsfp_popmax_pop_is_missing	2.054310554301471e-08
dbnsfp_gnomAD4.1_joint_AF	1.3849554893970702e-08
gnomad_browser_genome_popmax_homozygote_count	0.0
foldx_ddg_discordant_duplicate_flag	0.0
gnomad_browser_genome_popmax_ac	0.0
gnomad_browser_genome_ac	0.0
foldx_ddg_is_missing	0.0
foldx_ddg_ref_mismatch_flag	0.0
gnomad_browser_genome_faf95_max_pop	0.0
vep_annotation_status	0.0
gnomad_browser_genome_hemizygote_count	0.0
foldx_ddg_alphafold_plddt	0.0
vep_hgvsp	0.0
gnomad_browser_genome_faf95_max	0.0
vep_hgvsc	0.0
gnomad_browser_genome_grpmax_pop	0.0
gnomad_browser_genome_grpmax_af	0.0
vep_mane_plus_clinical	0.0
vep_feature_type	0.0
foldx_ddg_duplicate_variant_flag	0.0
foldx_ddg_ref_aa	0.0
foldx_ddg_alt_aa	0.0
vep_any_stop_gained	0.0
foldx_ddg_method	0.0
gnomad_not_joined_flag	0.0
vep_any_missense	0.0
gnomad_browser_genome_homozygote_count	0.0
gnomad_browser_genome_popmax_af	0.0
gnomad_observed_flag	0.0
gnomad_final_af_is_missing	0.0
gnomad_final_hemizygote_count	0.0
gnomad_browser_genome_faf99_max_pop	0.0
vep_any_moderate_impact	0.0
gnomad_browser_genome_faf99_max	0.0
foldx_ddg_kcal_mol	0.0
foldx_ddg_abs	0.0
foldx_ddg_batch_mode	0.0
foldx_ddg_mutation	0.0
foldx_ddg_uniprot_accession	0.0
foldx_ddg_protein_position	0.0
vep_SpliceAI_pred_SYMBOL	0.0
vep_canonical	0.0
genome_build	0.0
gnomad_browser_exome_grpmax_pop	0.0
alphafold_plddt_bin	0.0
uniprot_length	0.0
protein_position	0.0
protein_ref_aa	0.0
protein_alt_aa	0.0
protein_variant_type	0.0
protein_position_normalized	0.0
uniprot_domain_hit	0.0
uniprot_domain_names	0.0
uniprot_region_hit	0.0
uniprot_region_names	0.0
uniprot_motif_hit	0.0
uniprot_motif_names	0.0
uniprot_binding_site_hit	0.0
uniprot_binding_site_names	0.0
uniprot_active_site_hit	0.0
uniprot_active_site_names	0.0
uniprot_any_functional_feature_hit	0.0
alphafold_plddt_status	0.0
alphafold_plddt_missing_reason	0.0
uniprot_accession	0.0
protein_feature_missing_reason	0.0
protein_feature_status	0.0
dssp_missing_reason	0.0
primary_model_inclusion	0.0
vep_status	0.0
vep_missing_reason	0.0
spliceai_status	0.0
spliceai_missing_reason	0.0
clingen_gene_validity_status	0.0
clingen_variant_evidence_status	0.0
dssp_status	0.0
freesasa_status	0.0
dbnsfp_ESM1b_score	0.0
freesasa_missing_reason	0.0
foldx_ddg_status	0.0
foldx_ddg_missing_reason	0.0
alphamissense_direct_status	0.0
alphamissense_direct_missing_reason	0.0
dbnsfp_status	0.0
dbnsfp_HGVSp_VEP	0.0
dbnsfp_REVEL_score	0.0
alphafold_residue_plddt	0.0
alphafold_fragment_count	0.0
gnomad_browser_exome_grpmax_af	0.0
dbnsfp_protein_position_raw	0.0
gnomad41_joint_popmax_af_dbnsfp_is_missing	0.0
gnomad41_joint_popmax_nhomalt_dbnsfp_is_missing	0.0
dbnsfp_popmax_af_is_missing	0.0
alphamissense_direct_score_is_missing	0.0
alphamissense_direct_class_is_missing	0.0
gnomad_browser_has_joint	0.0
gnomad_browser_max_homozygote_count	0.0
gnomad_browser_max_hemizygote_count	0.0
gnomad_browser_canonical_hgvsc	0.0
gnomad_browser_mane_hgvsc	0.0
gnomad_browser_joint_hemizygote_count	0.0
gnomad_browser_joint_popmax_ac	0.0
gnomad_browser_joint_popmax_hemizygote_count	0.0
gnomad_browser_joint_filters	0.0
gnomad_browser_joint_subsets	0.0
gnomad_browser_exome_homozygote_count	0.0
gnomad_browser_exome_hemizygote_count	0.0
gnomad_browser_exome_popmax_homozygote_count	0.0
gnomad_browser_exome_popmax_hemizygote_count	0.0
gnomad41_joint_nhomalt_dbnsfp_is_missing	0.0
phastcons100way_vertebrate_is_missing	0.0
phylop100way_vertebrate_is_missing	0.0
revel_score_is_missing	0.0
dbnsfp_hgvsc_vep_raw	0.0
dbnsfp_hgvsp_vep_raw	0.0
esm1b_score	0.0
gnomad41_joint_nhomalt_dbnsfp	0.0
sift_score_is_missing	0.0
sift_pred_is_missing	0.0
polyphen2_hdiv_score_is_missing	0.0
polyphen2_hdiv_pred_is_missing	0.0
metalr_score_is_missing	0.0
gerp_rs_is_missing	0.0
metalr_pred_is_missing	0.0
fathmm_xf_coding_score_is_missing	0.0
fathmm_xf_coding_pred_is_missing	0.0
cadd_raw_is_missing	0.0
cadd_phred_is_missing	0.0
alphamissense_dbnsfp_score_is_missing	0.0
alphamissense_dbnsfp_pred_is_missing	0.0
esm1b_score_is_missing	0.0
vep_annotation_missing_reason	0.0
