job_folder	best_model_index	chain_pair	entity_pair	pair_type	pair_iptm	pair_min_pae	max_contact_probability	pair_support_class	tokens_a	tokens_b
af3_sys_g001_casq2_trdn_full_length_draft	0	A-B	CASQ2-TRDN	protein-protein	0.21	15.87	0.16	unsupported_or_low_confidence	399	729
af3_sys_g001_ryr2_cambd1_1940_1965_calm1_ca4_draft	0	A-B	RYR2_fragment-CALM1	protein-protein	0.5	3.97	0.78	moderate_supported_interface	26	149
af3_sys_g001_ryr2_cambd1_1940_1965_calm1_ca4_draft	0	A-C	RYR2_fragment-CA	protein-ion_or_other	0.15	10.8	0.0	unsupported_or_low_confidence	26	1
af3_sys_g001_ryr2_cambd1_1940_1965_calm1_ca4_draft	0	A-D	RYR2_fragment-CA	protein-ion_or_other	0.14	8.7	0.0	unsupported_or_low_confidence	26	1
af3_sys_g001_ryr2_cambd1_1940_1965_calm1_ca4_draft	0	A-E	RYR2_fragment-CA	protein-ion_or_other	0.16	9.5	0.0	unsupported_or_low_confidence	26	1
af3_sys_g001_ryr2_cambd1_1940_1965_calm1_ca4_draft	0	A-F	RYR2_fragment-CA	protein-ion_or_other	0.12	10.99	0.0	unsupported_or_low_confidence	26	1
af3_sys_g001_ryr2_cambd1_1940_1965_calm1_ca4_draft	0	B-C	CALM1-CA	protein-ion_or_other	0.96	0.89	0.99	strong_supported_interface	149	1
af3_sys_g001_ryr2_cambd1_1940_1965_calm1_ca4_draft	0	B-D	CALM1-CA	protein-ion_or_other	0.96	0.9	0.99	strong_supported_interface	149	1
af3_sys_g001_ryr2_cambd1_1940_1965_calm1_ca4_draft	0	B-E	CALM1-CA	protein-ion_or_other	0.96	0.9	0.99	strong_supported_interface	149	1
af3_sys_g001_ryr2_cambd1_1940_1965_calm1_ca4_draft	0	B-F	CALM1-CA	protein-ion_or_other	0.96	1.0	0.99	strong_supported_interface	149	1
af3_sys_g001_ryr2_cambd1_1940_1965_calm1_ca4_draft	0	C-D	CA-CA	protein-ion_or_other		6.0	0.0	not_evaluable	1	1
af3_sys_g001_ryr2_cambd1_1940_1965_calm1_ca4_draft	0	C-E	CA-CA	protein-ion_or_other		1.8	0.0	not_evaluable	1	1
af3_sys_g001_ryr2_cambd1_1940_1965_calm1_ca4_draft	0	C-F	CA-CA	protein-ion_or_other		7.6	0.0	not_evaluable	1	1
af3_sys_g001_ryr2_cambd1_1940_1965_calm1_ca4_draft	0	D-E	CA-CA	protein-ion_or_other		5.8	0.0	not_evaluable	1	1
af3_sys_g001_ryr2_cambd1_1940_1965_calm1_ca4_draft	0	D-F	CA-CA	protein-ion_or_other		2.0	0.0	not_evaluable	1	1
af3_sys_g001_ryr2_cambd1_1940_1965_calm1_ca4_draft	0	E-F	CA-CA	protein-ion_or_other		6.5	0.0	not_evaluable	1	1
af3_sys_g001_ryr2_cambd2_3580_3611_calm1_ca4_draft	0	A-B	RYR2_fragment-CALM1	protein-protein	0.84	1.0	0.99	strong_supported_interface	32	149
af3_sys_g001_ryr2_cambd2_3580_3611_calm1_ca4_draft	0	A-C	RYR2_fragment-CA	protein-ion_or_other	0.54	1.6	0.0	unsupported_or_low_confidence	32	1
af3_sys_g001_ryr2_cambd2_3580_3611_calm1_ca4_draft	0	A-D	RYR2_fragment-CA	protein-ion_or_other	0.47	2.2	0.0	unsupported_or_low_confidence	32	1
af3_sys_g001_ryr2_cambd2_3580_3611_calm1_ca4_draft	0	A-E	RYR2_fragment-CA	protein-ion_or_other	0.52	1.7	0.0	unsupported_or_low_confidence	32	1
af3_sys_g001_ryr2_cambd2_3580_3611_calm1_ca4_draft	0	A-F	RYR2_fragment-CA	protein-ion_or_other	0.47	2.2	0.0	unsupported_or_low_confidence	32	1
af3_sys_g001_ryr2_cambd2_3580_3611_calm1_ca4_draft	0	B-C	CALM1-CA	protein-ion_or_other	0.97	0.85	0.99	strong_supported_interface	149	1
af3_sys_g001_ryr2_cambd2_3580_3611_calm1_ca4_draft	0	B-D	CALM1-CA	protein-ion_or_other	0.95	1.0	0.99	strong_supported_interface	149	1
af3_sys_g001_ryr2_cambd2_3580_3611_calm1_ca4_draft	0	B-E	CALM1-CA	protein-ion_or_other	0.96	0.9	0.99	strong_supported_interface	149	1
af3_sys_g001_ryr2_cambd2_3580_3611_calm1_ca4_draft	0	B-F	CALM1-CA	protein-ion_or_other	0.96	0.9	0.99	strong_supported_interface	149	1
af3_sys_g001_ryr2_cambd2_3580_3611_calm1_ca4_draft	0	C-D	CA-CA	protein-ion_or_other		5.8	0.0	not_evaluable	1	1
af3_sys_g001_ryr2_cambd2_3580_3611_calm1_ca4_draft	0	C-E	CA-CA	protein-ion_or_other		1.9	0.0	not_evaluable	1	1
af3_sys_g001_ryr2_cambd2_3580_3611_calm1_ca4_draft	0	C-F	CA-CA	protein-ion_or_other		6.7	0.0	not_evaluable	1	1
af3_sys_g001_ryr2_cambd2_3580_3611_calm1_ca4_draft	0	D-E	CA-CA	protein-ion_or_other		6.3	0.0	not_evaluable	1	1
af3_sys_g001_ryr2_cambd2_3580_3611_calm1_ca4_draft	0	D-F	CA-CA	protein-ion_or_other		2.2	0.0	not_evaluable	1	1
af3_sys_g001_ryr2_cambd2_3580_3611_calm1_ca4_draft	0	E-F	CA-CA	protein-ion_or_other		5.6	0.0	not_evaluable	1	1
af3_sys_g001_ryr2_cambd3_4246_4275_calm1_ca5_draft	0	A-B	RYR2_fragment-CALM1	protein-protein	0.44	4.27	0.61	unsupported_or_low_confidence	30	149
af3_sys_g001_ryr2_cambd3_4246_4275_calm1_ca5_draft	0	A-C	RYR2_fragment-CA	protein-ion_or_other	0.14	12.3	0.0	unsupported_or_low_confidence	30	1
af3_sys_g001_ryr2_cambd3_4246_4275_calm1_ca5_draft	0	A-D	RYR2_fragment-CA	protein-ion_or_other	0.16	10.9	0.0	unsupported_or_low_confidence	30	1
af3_sys_g001_ryr2_cambd3_4246_4275_calm1_ca5_draft	0	A-E	RYR2_fragment-CA	protein-ion_or_other	0.18	10.5	0.0	unsupported_or_low_confidence	30	1
af3_sys_g001_ryr2_cambd3_4246_4275_calm1_ca5_draft	0	A-F	RYR2_fragment-CA	protein-ion_or_other	0.17	11.08	0.0	unsupported_or_low_confidence	30	1
af3_sys_g001_ryr2_cambd3_4246_4275_calm1_ca5_draft	0	A-G	RYR2_fragment-CA	protein-ion_or_other	0.11	12.68	0.04	unsupported_or_low_confidence	30	1
af3_sys_g001_ryr2_cambd3_4246_4275_calm1_ca5_draft	0	B-C	CALM1-CA	protein-ion_or_other	0.96	0.95	0.99	strong_supported_interface	149	1
af3_sys_g001_ryr2_cambd3_4246_4275_calm1_ca5_draft	0	B-D	CALM1-CA	protein-ion_or_other	0.95	1.0	0.99	strong_supported_interface	149	1
af3_sys_g001_ryr2_cambd3_4246_4275_calm1_ca5_draft	0	B-E	CALM1-CA	protein-ion_or_other	0.96	1.0	0.99	strong_supported_interface	149	1
af3_sys_g001_ryr2_cambd3_4246_4275_calm1_ca5_draft	0	B-F	CALM1-CA	protein-ion_or_other	0.96	0.98	1.0	strong_supported_interface	149	1
af3_sys_g001_ryr2_cambd3_4246_4275_calm1_ca5_draft	0	B-G	CALM1-CA	protein-ion_or_other	0.72	5.3	0.18	unsupported_or_low_confidence	149	1
af3_sys_g001_ryr2_cambd3_4246_4275_calm1_ca5_draft	0	C-D	CA-CA	protein-ion_or_other		7.1	0.0	not_evaluable	1	1
af3_sys_g001_ryr2_cambd3_4246_4275_calm1_ca5_draft	0	C-E	CA-CA	protein-ion_or_other		2.0	0.01	not_evaluable	1	1
af3_sys_g001_ryr2_cambd3_4246_4275_calm1_ca5_draft	0	C-F	CA-CA	protein-ion_or_other		7.9	0.0	not_evaluable	1	1
af3_sys_g001_ryr2_cambd3_4246_4275_calm1_ca5_draft	0	C-G	CA-CA	protein-ion_or_other		11.7	0.09	not_evaluable	1	1
af3_sys_g001_ryr2_cambd3_4246_4275_calm1_ca5_draft	0	D-E	CA-CA	protein-ion_or_other		6.0	0.0	not_evaluable	1	1
af3_sys_g001_ryr2_cambd3_4246_4275_calm1_ca5_draft	0	D-F	CA-CA	protein-ion_or_other		1.9	0.0	not_evaluable	1	1
af3_sys_g001_ryr2_cambd3_4246_4275_calm1_ca5_draft	0	D-G	CA-CA	protein-ion_or_other		6.6	0.13	not_evaluable	1	1
af3_sys_g001_ryr2_cambd3_4246_4275_calm1_ca5_draft	0	E-F	CA-CA	protein-ion_or_other		6.4	0.0	not_evaluable	1	1
af3_sys_g001_ryr2_cambd3_4246_4275_calm1_ca5_draft	0	E-G	CA-CA	protein-ion_or_other		10.0	0.05	not_evaluable	1	1
af3_sys_g001_ryr2_cambd3_4246_4275_calm1_ca5_draft	0	F-G	CA-CA	protein-ion_or_other		5.3	0.15	not_evaluable	1	1
af3_sys_g001_ryr2_ll1_4521_4573_casq2_draft	0	A-B	RYR2_LL1_fragment-CASQ2	protein-protein	0.16	13.99	0.26	unsupported_or_low_confidence	53	399
