ref_no,source_type,pmid,title,authors,year,journal,doi,url,draft_use,abstract
1,PubMed,25741868,Standards and guidelines for the interpretation of sequence variants: a joint consensus recommendation of the American College of Medical Genetics and Genomics and the Association for Molecular Pathology.,Richards S; Aziz N; Bale S; Bick D; Das S; Gastier-Foster J; Grody WW; Hegde M; et al.,2015,Genetics in medicine : official journal of the American College of Medical Genetics,10.1038/gim.2015.30,https://pubmed.ncbi.nlm.nih.gov/25741868/,ACMG/AMP variant interpretation framework,"The American College of Medical Genetics and Genomics (ACMG) previously developed guidance for the interpretation of sequence variants.(1) In the past decade, sequencing technology has evolved rapidly with the advent of high-throughput next-generation sequencing. By adopting and leveraging next-generation sequencing, clinical laboratories are now performing an ever-increasing catalogue of genetic testing spanning genotyping, single genes, gene panels, exomes, genomes, transcriptomes, and epigenetic assays for genetic disorders. By virtue of increased complexity, this shift in genetic testing has been accompanied by new challenges in sequence interpretation. In this context the ACMG convened a workgroup in 2013 comprising representatives from the ACMG, the Association for Molecular Pathology (AMP), and the College of American Pathologists to revisit and revise the standards and guidelines for the interpretation of sequence variants. The group consisted of clinical laboratory directors and clinicians. This report represents expert opinion of the workgroup with input from ACMG, AMP, and College of American Pathologists stakeholders. These recommendations primarily apply to the breadth of genetic tests used in clinical laboratories, including genotyping, single genes, panels, exomes, and genomes. This report recommends the use of specific standard terminology-""pathogenic,"" ""likely pathogenic,"" ""uncertain significance,"" ""likely benign,"" and ""benign""-to describe variants identified in genes that cause Mendelian disorders. Moreover, this recommendation describes a process for classifying variants into these five categories based on criteria using typical types of variant evidence (e.g., population data, computational data, functional data, segregation data). Because of the increased complexity of analysis and interpretation of clinical genetic testing described in this report, the ACMG strongly recommends that clinical molecular genetic testing should be performed in a Clinical Laboratory Improvement Amendments-approved laboratory, with results interpreted by a board-certified clinical molecular geneticist or molecular genetic pathologist or the equivalent."
2,PubMed,29165669,ClinVar: improving access to variant interpretations and supporting evidence.,Landrum MJ; Lee JM; Benson M; Brown GR; Chao C; Chitipiralla S; Gu B; Hart J; et al.,2018,Nucleic acids research,10.1093/nar/gkx1153,https://pubmed.ncbi.nlm.nih.gov/29165669/,ClinVar as submitted clinical-significance label source,"ClinVar (https://www.ncbi.nlm.nih.gov/clinvar/) is a freely available, public archive of human genetic variants and interpretations of their significance to disease, maintained at the National Institutes of Health. Interpretations of the clinical significance of variants are submitted by clinical testing laboratories, research laboratories, expert panels and other groups. ClinVar aggregates data by variant-disease pairs, and by variant (or set of variants). Data aggregated by variant are accessible on the website, in an improved set of variant call format files and as a new comprehensive XML report. ClinVar recently started accepting submissions that are focused primarily on providing phenotypic information for individuals who have had genetic testing. Submissions may come from clinical providers providing their own interpretation of the variant ('provider interpretation') or from groups such as patient registries that primarily provide phenotypic information from patients ('phenotyping only'). ClinVar continues to make improvements to its search and retrieval functions. Several new fields are now indexed for more precise searching, and filters allow the user to narrow down a large set of search results."
3,PubMed,27666373,REVEL: An Ensemble Method for Predicting the Pathogenicity of Rare Missense Variants.,Ioannidis NM; Rothstein JH; Pejaver V; Middha S; McDonnell SK; Baheti S; Musolf A; Li Q; et al.,2016,American journal of human genetics,10.1016/j.ajhg.2016.08.016,https://pubmed.ncbi.nlm.nih.gov/27666373/,REVEL in silico missense pathogenicity score,"The vast majority of coding variants are rare, and assessment of the contribution of rare variants to complex traits is hampered by low statistical power and limited functional data. Improved methods for predicting the pathogenicity of rare coding variants are needed to facilitate the discovery of disease variants from exome sequencing studies. We developed REVEL (rare exome variant ensemble learner), an ensemble method for predicting the pathogenicity of missense variants on the basis of individual tools: MutPred, FATHMM, VEST, PolyPhen, SIFT, PROVEAN, MutationAssessor, MutationTaster, LRT, GERP, SiPhy, phyloP, and phastCons. REVEL was trained with recently discovered pathogenic and rare neutral missense variants, excluding those previously used to train its constituent tools. When applied to two independent test sets, REVEL had the best overall performance (p < 10-12) as compared to any individual tool and seven ensemble methods: MetaSVM, MetaLR, KGGSeq, Condel, CADD, DANN, and Eigen. Importantly, REVEL also had the best performance for distinguishing pathogenic from rare neutral variants with allele frequencies <0.5%. The area under the receiver operating characteristic curve (AUC) for REVEL was 0.046-0.182 higher in an independent test set of 935 recent SwissVar disease variants and 123,935 putatively neutral exome sequencing variants and 0.027-0.143 higher in an independent test set of 1,953 pathogenic and 2,406 benign variants recently reported in ClinVar than the AUCs for other ensemble methods. We provide pre-computed REVEL scores for all possible human missense variants to facilitate the identification of pathogenic variants in the sea of rare variants discovered as sequencing studies expand in scale."
4,PubMed,33261662,dbNSFP v4: a comprehensive database of transcript-specific functional predictions and annotations for human nonsynonymous and splice-site SNVs.,Liu X; Li C; Mou C; Dong Y; Tu Y,2020,Genome medicine,10.1186/s13073-020-00803-9,https://pubmed.ncbi.nlm.nih.gov/33261662/,dbNSFP feature source,"Whole exome sequencing has been increasingly used in human disease studies. Prioritization based on appropriate functional annotations has been used as an indispensable step to select candidate variants. Here we present the latest updates to dbNSFP (version 4.1), a database designed to facilitate this step by providing deleteriousness prediction and functional annotation for all potential nonsynonymous and splice-site SNVs (a total of 84,013,093) in the human genome. The current version compiled 36 deleteriousness prediction scores, including 12 transcript-specific scores, and other variant and gene-level functional annotations. The database is available at http://database.liulab.science/dbNSFP with a downloadable version and a web-service."
5,PubMed,37733863,Accurate proteome-wide missense variant effect prediction with AlphaMissense.,Cheng J; Novati G; Pan J; Bycroft C; Žemgulytė A; Applebaum T; Pritzel A; Wong LH; et al.,2023,"Science (New York, N.Y.)",10.1126/science.adg7492,https://pubmed.ncbi.nlm.nih.gov/37733863/,AlphaMissense feature source,"The vast majority of missense variants observed in the human genome are of unknown clinical significance. We present AlphaMissense, an adaptation of AlphaFold fine-tuned on human and primate variant population frequency databases to predict missense variant pathogenicity. By combining structural context and evolutionary conservation, our model achieves state-of-the-art results across a wide range of genetic and experimental benchmarks, all without explicitly training on such data. The average pathogenicity score of genes is also predictive for their cell essentiality, capable of identifying short essential genes that existing statistical approaches are underpowered to detect. As a resource to the community, we provide a database of predictions for all possible human single amino acid substitutions and classify 89% of missense variants as either likely benign or likely pathogenic."
6,Conference/arXiv,,Language models enable zero-shot prediction of the effects of mutations on protein function,Meier J; Rao R; Verkuil R; et al.,2021,NeurIPS,NR,https://proceedings.neurips.cc/paper/2021/hash/f51338d736f95dd42427296047067694-Abstract.html,ESM1b protein language model feature context,Conference paper introducing protein language models for zero-shot mutation-effect prediction; PubMed abstract not available.
7,PubMed,33046849,Disease-specific variant pathogenicity prediction significantly improves variant interpretation in inherited cardiac conditions.,Zhang X; Walsh R; Whiffin N; Buchan R; Midwinter W; Wilk A; Govind R; Li N; et al.,2021,Genetics in medicine : official journal of the American College of Medical Genetics,10.1038/s41436-020-00972-3,https://pubmed.ncbi.nlm.nih.gov/33046849/,CardioBoost comparator and deferral-threshold framing,"PURPOSE: Accurate discrimination of benign and pathogenic rare variation remains a priority for clinical genome interpretation. State-of-the-art machine learning variant prioritization tools are imprecise and ignore important parameters defining gene-disease relationships, e.g., distinct consequences of gain-of-function versus loss-of-function variants. We hypothesized that incorporating disease-specific information would improve tool performance. METHODS: We developed a disease-specific variant classifier, CardioBoost, that estimates the probability of pathogenicity for rare missense variants in inherited cardiomyopathies and arrhythmias. We assessed CardioBoost's ability to discriminate known pathogenic from benign variants, prioritize disease-associated variants, and stratify patient outcomes. RESULTS: CardioBoost has high global discrimination accuracy (precision recall area under the curve [AUC] 0.91 for cardiomyopathies; 0.96 for arrhythmias), outperforming existing tools (4-24% improvement). CardioBoost obtains excellent accuracy (cardiomyopathies 90.2%; arrhythmias 91.9%) for variants classified with >90% confidence, and increases the proportion of variants classified with high confidence more than twofold compared with existing tools. Variants classified as disease-causing are associated with both disease status and clinical severity, including a 21% increased risk (95% confidence interval [CI] 11-29%) of severe adverse outcomes by age 60 in patients with hypertrophic cardiomyopathy. CONCLUSIONS: A disease-specific variant classifier outperforms state-of-the-art genome-wide tools for rare missense variants in inherited cardiac conditions ( https://www.cardiodb.org/cardioboost/ ), highlighting broad opportunities for improved pathogenicity prediction through disease specificity."
8,PubMed,27268795,The Ensembl Variant Effect Predictor.,McLaren W; Gil L; Hunt SE; Riat HS; Ritchie GR; Thormann A; Flicek P; Cunningham F,2016,Genome biology,10.1186/s13059-016-0974-4,https://pubmed.ncbi.nlm.nih.gov/27268795/,VEP consequence and HGVS annotation,"The Ensembl Variant Effect Predictor is a powerful toolset for the analysis, annotation, and prioritization of genomic variants in coding and non-coding regions. It provides access to an extensive collection of genomic annotation, with a variety of interfaces to suit different requirements, and simple options for configuring and extending analysis. It is open source, free to use, and supports full reproducibility of results. The Ensembl Variant Effect Predictor can simplify and accelerate variant interpretation in a wide range of study designs."
9,PubMed,30661751,Predicting Splicing from Primary Sequence with Deep Learning.,Jaganathan K; Kyriazopoulou Panagiotopoulou S; McRae JF; Darbandi SF; Knowles D; Li YI; Kosmicki JA; Arbelaez J; et al.,2019,Cell,10.1016/j.cell.2018.12.015,https://pubmed.ncbi.nlm.nih.gov/30661751/,SpliceAI splice prediction features,"The splicing of pre-mRNAs into mature transcripts is remarkable for its precision, but the mechanisms by which the cellular machinery achieves such specificity are incompletely understood. Here, we describe a deep neural network that accurately predicts splice junctions from an arbitrary pre-mRNA transcript sequence, enabling precise prediction of noncoding genetic variants that cause cryptic splicing. Synonymous and intronic mutations with predicted splice-altering consequence validate at a high rate on RNA-seq and are strongly deleterious in the human population. De novo mutations with predicted splice-altering consequence are significantly enriched in patients with autism and intellectual disability compared to healthy controls and validate against RNA-seq in 21 out of 28 of these patients. We estimate that 9%-11% of pathogenic mutations in patients with rare genetic disorders are caused by this previously underappreciated class of disease variation."
10,PubMed,32461654,"The mutational constraint spectrum quantified from variation in 141,456 humans.",Karczewski KJ; Francioli LC; Tiao G; Cummings BB; Alföldi J; Wang Q; Collins RL; Laricchia KM; et al.,2020,Nature,10.1038/s41586-020-2308-7,https://pubmed.ncbi.nlm.nih.gov/32461654/,gnomAD population frequency and constraint context,"Genetic variants that inactivate protein-coding genes are a powerful source of information about the phenotypic consequences of gene disruption: genes that are crucial for the function of an organism will be depleted of such variants in natural populations, whereas non-essential genes will tolerate their accumulation. However, predicted loss-of-function variants are enriched for annotation errors, and tend to be found at extremely low frequencies, so their analysis requires careful variant annotation and very large sample sizes1. Here we describe the aggregation of 125,748 exomes and 15,708 genomes from human sequencing studies into the Genome Aggregation Database (gnomAD). We identify 443,769 high-confidence predicted loss-of-function variants in this cohort after filtering for artefacts caused by sequencing and annotation errors. Using an improved model of human mutation rates, we classify human protein-coding genes along a spectrum that represents tolerance to inactivation, validate this classification using data from model organisms and engineered human cells, and show that it can be used to improve the power of gene discovery for both common and rare diseases."
11,PubMed,26014595,ClinGen--the Clinical Genome Resource.,Rehm HL; Berg JS; Brooks LD; Bustamante CD; Evans JP; Landrum MJ; Ledbetter DH; Maglott DR; et al.,2015,The New England journal of medicine,10.1056/NEJMsr1406261,https://pubmed.ncbi.nlm.nih.gov/26014595/,ClinGen gene-disease validity context,"On autopsy, a patient is found to have hypertrophic cardiomyopathy. The patient’s family pursues genetic testing that shows a “likely pathogenic” variant for the condition on the basis of a study in an original research publication. Given the dominant inheritance of the condition and the risk of sudden cardiac death, other family members are tested for the genetic variant to determine their risk. Several family members test negative and are told that they are not at risk for hypertrophic cardiomyopathy and sudden cardiac death, and those who test positive are told that they need to be regularly monitored for cardiomyopathy on echocardiography. Five years later, during a routine clinic visit of one of the genotype-positive family members, the cardiologist queries a database for current knowledge on the genetic variant and discovers that the variant is now interpreted as “likely benign” by another laboratory that uses more recently derived population-frequency data. A newly available testing panel for additional genes that are implicated in hypertrophic cardiomyopathy is initiated on an affected family member, and a different variant is found that is determined to be pathogenic. Family members are retested, and one member who previously tested negative is now found to be positive for this new variant. An immediate clinical workup detects evidence of cardiomyopathy, and an intracardiac defibrillator is implanted to reduce the risk of sudden cardiac death."
12,PubMed,39552041,UniProt: the Universal Protein Knowledgebase in 2025.,"UniProt Consortium
",2025,Nucleic acids research,10.1093/nar/gkae1010,https://pubmed.ncbi.nlm.nih.gov/39552041/,UniProt protein sequence/domain annotation,"The aim of the UniProt Knowledgebase (UniProtKB; https://www.uniprot.org/) is to provide users with a comprehensive, high-quality and freely accessible set of protein sequences annotated with functional information. In this publication, we describe ongoing changes to our production pipeline to limit the sequences available in UniProtKB to high-quality, non-redundant reference proteomes. We continue to manually curate the scientific literature to add the latest functional data and use machine learning techniques. We also encourage community curation to ensure key publications are not missed. We provide an update on the automatic annotation methods used by UniProtKB to predict information for unreviewed entries describing unstudied proteins. Finally, updates to the UniProt website are described, including a new tab linking protein to genomic information. In recognition of its value to the scientific community, the UniProt database has been awarded Global Core Biodata Resource status."
13,PubMed,34265844,Highly accurate protein structure prediction with AlphaFold.,Jumper J; Evans R; Pritzel A; Green T; Figurnov M; Ronneberger O; Tunyasuvunakool K; Bates R; et al.,2021,Nature,10.1038/s41586-021-03819-2,https://pubmed.ncbi.nlm.nih.gov/34265844/,AlphaFold residue confidence/protein structure context,"Proteins are essential to life, and understanding their structure can facilitate a mechanistic understanding of their function. Through an enormous experimental effort1-4, the structures of around 100,000 unique proteins have been determined5, but this represents a small fraction of the billions of known protein sequences6,7. Structural coverage is bottlenecked by the months to years of painstaking effort required to determine a single protein structure. Accurate computational approaches are needed to address this gap and to enable large-scale structural bioinformatics. Predicting the three-dimensional structure that a protein will adopt based solely on its amino acid sequence-the structure prediction component of the 'protein folding problem'8-has been an important open research problem for more than 50 years9. Despite recent progress10-14, existing methods fall far short of atomic accuracy, especially when no homologous structure is available. Here we provide the first computational method that can regularly predict protein structures with atomic accuracy even in cases in which no similar structure is known. We validated an entirely redesigned version of our neural network-based model, AlphaFold, in the challenging 14th Critical Assessment of protein Structure Prediction (CASP14)15, demonstrating accuracy competitive with experimental structures in a majority of cases and greatly outperforming other methods. Underpinning the latest version of AlphaFold is a novel machine learning approach that incorporates physical and biological knowledge about protein structure, leveraging multi-sequence alignments, into the design of the deep learning algorithm."
14,PubMed,34791371,AlphaFold Protein Structure Database: massively expanding the structural coverage of protein-sequence space with high-accuracy models.,Varadi M; Anyango S; Deshpande M; Nair S; Natassia C; Yordanova G; Yuan D; Stroe O; et al.,2022,Nucleic acids research,10.1093/nar/gkab1061,https://pubmed.ncbi.nlm.nih.gov/34791371/,AlphaFold Protein Structure Database,"The AlphaFold Protein Structure Database (AlphaFold DB, https://alphafold.ebi.ac.uk) is an openly accessible, extensive database of high-accuracy protein-structure predictions. Powered by AlphaFold v2.0 of DeepMind, it has enabled an unprecedented expansion of the structural coverage of the known protein-sequence space. AlphaFold DB provides programmatic access to and interactive visualization of predicted atomic coordinates, per-residue and pairwise model-confidence estimates and predicted aligned errors. The initial release of AlphaFold DB contains over 360,000 predicted structures across 21 model-organism proteomes, which will soon be expanded to cover most of the (over 100 million) representative sequences from the UniRef90 data set."
15,PubMed,15980494,The FoldX web server: an online force field.,Schymkowitz J; Borg J; Stricher F; Nys R; Rousseau F; Serrano L,2005,Nucleic acids research,10.1093/nar/gki387,https://pubmed.ncbi.nlm.nih.gov/15980494/,FoldX stability feature method,"FoldX is an empirical force field that was developed for the rapid evaluation of the effect of mutations on the stability, folding and dynamics of proteins and nucleic acids. The core functionality of FoldX, namely the calculation of the free energy of a macromolecule based on its high-resolution 3D structure, is now publicly available through a web server at http://foldx.embl.de/. The current release allows the calculation of the stability of a protein, calculation of the positions of the protons and the prediction of water bridges, prediction of metal binding sites and the analysis of the free energy of complex formation. Alanine scanning, the systematic truncation of side chains to alanine, is also included. In addition, some reporting functions have been added, and it is now possible to print both the atomic interaction networks that constitute the protein, print the structural and energetic details of the interactions per atom or per residue, as well as generate a general quality report of the pdb structure. This core functionality will be further extended as more FoldX applications are developed."
16,PubMed,34930020,Arrhythmia Variant Associations and Reclassifications in the eMERGE-III Sequencing Study.,Glazer AM; Davogustto G; Shaffer CM; Vanoye CG; Desai RR; Farber-Eger EH; Dikilitas O; Shang N; et al.,2022,Circulation,10.1161/CIRCULATIONAHA.121.055562,https://pubmed.ncbi.nlm.nih.gov/34930020/,"eMERGE-III arrhythmia variant source and 21,846-participant cohort","BACKGROUND: Sequencing Mendelian arrhythmia genes in individuals without an indication for arrhythmia genetic testing can identify carriers of pathogenic or likely pathogenic (P/LP) variants. However, the extent to which these variants are associated with clinically meaningful phenotypes before or after return of variant results is unclear. In addition, the majority of discovered variants are currently classified as variants of uncertain significance, limiting clinical actionability. METHODS: The eMERGE-III study (Electronic Medical Records and Genomics Phase III) is a multicenter prospective cohort that included 21 846 participants without previous indication for cardiac genetic testing. Participants were sequenced for 109 Mendelian disease genes, including 10 linked to arrhythmia syndromes. Variant carriers were assessed with electronic health record-derived phenotypes and follow-up clinical examination. Selected variants of uncertain significance (n=50) were characterized in vitro with automated electrophysiology experiments in HEK293 cells. RESULTS: As previously reported, 3.0% of participants had P/LP variants in the 109 genes. Herein, we report 120 participants (0.6%) with P/LP arrhythmia variants. Compared with noncarriers, arrhythmia P/LP carriers had a significantly higher burden of arrhythmia phenotypes in their electronic health records. Fifty-four participants had variant results returned. Nineteen of these 54 participants had inherited arrhythmia syndrome diagnoses (primarily long-QT syndrome), and 12 of these 19 diagnoses were made only after variant results were returned (0.05%). After in vitro functional evaluation of 50 variants of uncertain significance, we reclassified 11 variants: 3 to likely benign and 8 to P/LP. CONCLUSIONS: Genome sequencing in a large population without indication for arrhythmia genetic testing identified phenotype-positive carriers of variants in congenital arrhythmia syndrome disease genes. As the genomes of large numbers of people are sequenced, the disease risk from rare variants in arrhythmia genes can be assessed by integrating genomic screening, electronic health record phenotypes, and in vitro functional studies. REGISTRATION: URL: https://www. CLINICALTRIALS: gov; Unique identifier; NCT03394859."
17,Conference/arXiv,,CatBoost: unbiased boosting with categorical features,Prokhorenkova L; Gusev G; Vorobev A; Dorogush AV; Gulin A,2018,NeurIPS,NR,https://papers.nips.cc/paper/7898-catboost-unbiased-boosting-with-categorical-features,Primary machine-learning algorithm,"NeurIPS paper introducing CatBoost, ordered boosting, and categorical-feature handling; PubMed abstract not available."
18,PubMed,24487276,A general framework for estimating the relative pathogenicity of human genetic variants.,Kircher M; Witten DM; Jain P; O'Roak BJ; Cooper GM; Shendure J,2014,Nature genetics,10.1038/ng.2892,https://pubmed.ncbi.nlm.nih.gov/24487276/,CADD benchmark comparator and deleteriousness score,"Current methods for annotating and interpreting human genetic variation tend to exploit a single information type (for example, conservation) and/or are restricted in scope (for example, to missense changes). Here we describe Combined Annotation-Dependent Depletion (CADD), a method for objectively integrating many diverse annotations into a single measure (C score) for each variant. We implement CADD as a support vector machine trained to differentiate 14.7 million high-frequency human-derived alleles from 14.7 million simulated variants. We precompute C scores for all 8.6 billion possible human single-nucleotide variants and enable scoring of short insertions-deletions. C scores correlate with allelic diversity, annotations of functionality, pathogenicity, disease severity, experimentally measured regulatory effects and complex trait associations, and they highly rank known pathogenic variants within individual genomes. The ability of CADD to prioritize functional, deleterious and pathogenic variants across many functional categories, effect sizes and genetic architectures is unmatched by any current single-annotation method."
19,PubMed,28967166,"VariantValidator: Accurate validation, mapping, and formatting of sequence variation descriptions.",Freeman PJ; Hart RK; Gretton LJ; Brookes AJ; Dalgleish R,2018,Human mutation,10.1002/humu.23348,https://pubmed.ncbi.nlm.nih.gov/28967166/,VariantValidator/HGVS mapping support,"The Human Genome Variation Society (HGVS) variant nomenclature is widely used to describe sequence variants in scientific publications, clinical reports, and databases. However, the HGVS recommendations are complex and this often results in inaccurate variant descriptions being reported. The open-source hgvs Python package (https://github.com/biocommons/hgvs) provides a programmatic interface for parsing, manipulating, formatting, and validating of variants according to the HGVS recommendations, but does not provide a user-friendly Web interface. We have developed a Web-based variant validation tool, VariantValidator (https://variantvalidator.org/), which utilizes the hgvs Python package and provides additional functionality to assist users who wish to accurately describe and report sequence-level variations that are compliant with the HGVS recommendations. VariantValidator was designed to ensure that users are guided through the intricacies of the HGVS nomenclature, for example, if the user makes a mistake, VariantValidator automatically corrects the mistake if it can, or provides helpful guidance if it cannot. In addition, VariantValidator has the facility to interconvert genomic variant descriptions in HGVS and Variant Call Format with a degree of accuracy that surpasses most competing solutions."
